fips,State,Year,Male life expectancy (years),Female life expectancy (years),White male life expectancy (years),White female life expectancy (years),Black male life expectancy (years),Black female life expectancy (years),Male life expectancy change 1987 to 2009 (years),Female life expectancy change 1987 to 2009 (years)
1000,Alabama,1987,69.6,77.5,70.8,78.8,65.1,73.7,2.9,0.7
1000,Alabama,1988,69.4,77.2,71,78.4,64,73.6,2.9,0.7
1000,Alabama,1989,69.5,77.5,71,78.7,64.4,73.9,2.9,0.7
1000,Alabama,1990,69.6,77.6,71.2,78.9,64.1,73.4,2.9,0.7
1000,Alabama,1991,69.6,77.5,71.2,78.8,64,73.3,2.9,0.7
1000,Alabama,1992,70.2,78.2,71.9,79.5,64.6,74.1,2.9,0.7
1000,Alabama,1993,70.3,77.1,72,78.3,64.8,73.5,2.9,0.7
1000,Alabama,1994,70.2,77.6,71.9,78.8,64.7,73.9,2.9,0.7
1000,Alabama,1995,70.1,77.8,71.8,78.8,64.6,74.5,2.9,0.7
1000,Alabama,1996,70.4,77.6,71.9,78.6,65.3,74.2,2.9,0.7
1000,Alabama,1997,70.8,78,72.2,78.9,65.9,74.8,2.9,0.7
1000,Alabama,1998,71,77.7,72.3,78.6,66.6,74.6,2.9,0.7
1000,Alabama,1999,71.2,77.6,72.6,78.6,66.2,74.5,2.9,0.7
1000,Alabama,2000,71.2,77.9,72.4,78.8,66.8,75,2.9,0.7
1000,Alabama,2001,71.5,77.7,72.8,78.6,66.8,74.7,2.9,0.7
1000,Alabama,2002,71.5,77.7,72.7,78.5,67,75,2.9,0.7
1000,Alabama,2003,71.4,77.6,72.6,78.4,67.1,75.2,2.9,0.7
1000,Alabama,2004,71.6,77.7,72.7,78.4,67.6,75.4,2.9,0.7
1000,Alabama,2005,71.6,77.5,72.8,78.3,67.1,75.1,2.9,0.7
1000,Alabama,2006,71.5,77.8,72.7,78.6,67.3,75.4,2.9,0.7
1000,Alabama,2007,71.7,78,72.7,78.7,67.8,75.7,2.9,0.7
1000,Alabama,2008,72.1,78.1,73.1,78.6,68.2,76.4,2.9,0.7
1000,Alabama,2009,72.5,78.2,73.5,78.7,69,76.3,2.9,0.7
2000,Alaska,1987,71.6,78.4,70.9,77.7,64.8,,4.1,2
2000,Alaska,1988,71.8,78.6,71.1,77.9,64.9,,4.1,2
2000,Alaska,1989,72,78.9,71.4,78.2,65,,4.1,2
2000,Alaska,1990,72,79.3,71.4,78.6,64.8,,4.1,2
2000,Alaska,1991,72.3,79.2,71.7,78.4,,,4.1,2
2000,Alaska,1992,72.7,79.5,72.1,78.8,,,4.1,2
2000,Alaska,1993,73.1,79.6,72.6,78.9,,,4.1,2
2000,Alaska,1994,73.1,79.5,72.6,78.9,,,4.1,2
2000,Alaska,1995,73.1,79.3,72.6,78.7,,,4.1,2
2000,Alaska,1996,73.2,79.3,72.7,78.7,,,4.1,2
2000,Alaska,1997,73.4,79.5,72.9,78.9,,,4.1,2
2000,Alaska,1998,73.9,79.6,73.4,79.1,,,4.1,2
2000,Alaska,1999,74.3,79.6,73.7,79.1,,,4.1,2
2000,Alaska,2000,74.5,79.6,73.9,79,67.6,,4.1,2
2000,Alaska,2001,74.6,79.6,74.1,79,,,4.1,2
2000,Alaska,2002,74.5,79.8,74,79.2,,74.6,4.1,2
2000,Alaska,2003,74.8,79.9,74.2,79.3,,74.6,4.1,2
2000,Alaska,2004,75.1,80.3,74.5,79.7,,75.1,4.1,2
2000,Alaska,2005,75.5,80.6,74.9,80,69.2,75.5,4.1,2
2000,Alaska,2006,75.9,80.3,75.2,79.7,69.5,75.4,4.1,2
2000,Alaska,2007,75.9,80.5,75.3,79.9,69.6,75.5,4.1,2
2000,Alaska,2008,75.8,80.7,75.2,80.1,69.7,76,4.1,2
2000,Alaska,2009,75.6,80.5,75,79.8,69.7,75.7,4.1,2
4000,Arizona,1987,71.9,79.2,72.3,79.5,68,76.1,5.7,3.2
4000,Arizona,1988,72.2,79.1,72.6,79.4,66.8,75.4,5.7,3.2
4000,Arizona,1989,72.6,79.4,73,79.7,66.4,74,5.7,3.2
4000,Arizona,1990,72.6,79.9,73.1,80.1,67.5,76,5.7,3.2
4000,Arizona,1991,73,79.9,73.4,80.2,68.3,75.3,5.7,3.2
4000,Arizona,1992,72.8,80.4,73.3,80.7,67.1,76.7,5.7,3.2
4000,Arizona,1993,72.7,79.7,73.1,80.1,68,75.5,5.7,3.2
4000,Arizona,1994,73,80,73.5,80.3,66.3,77.1,5.7,3.2
4000,Arizona,1995,73.3,80,73.7,80.3,67.1,75.6,5.7,3.2
4000,Arizona,1996,73.8,80.1,74.1,80.5,70.2,74.6,5.7,3.2
4000,Arizona,1997,74.3,80.4,74.7,80.6,69.6,76.5,5.7,3.2
4000,Arizona,1998,74.5,80.3,74.9,80.6,70.5,76.1,5.7,3.2
4000,Arizona,1999,74.4,80.2,74.8,80.5,69.1,75.6,5.7,3.2
4000,Arizona,2000,74.8,80.4,75.1,80.6,70.6,76.4,5.7,3.2
4000,Arizona,2001,75,80.5,75.4,80.9,72.3,75.3,5.7,3.2
4000,Arizona,2002,74.9,80.6,75.2,80.8,71.5,78.2,5.7,3.2
4000,Arizona,2003,75.1,80.7,75.5,80.9,71.2,77.5,5.7,3.2
4000,Arizona,2004,75.6,81.1,75.8,81.3,72,77.4,5.7,3.2
4000,Arizona,2005,75.4,81,75.7,81.1,72.6,77.7,5.7,3.2
4000,Arizona,2006,75.8,81.2,76,81.2,70.9,79.9,5.7,3.2
4000,Arizona,2007,76.6,81.8,76.8,81.9,74.3,79.5,5.7,3.2
4000,Arizona,2008,77,82.2,77.3,82.4,74.5,79.8,5.7,3.2
4000,Arizona,2009,77.6,82.4,77.9,82.6,75.1,79.9,5.7,3.2
5000,Arkansas,1987,70.3,78.1,71,78.8,64.9,74.1,2.7,1
5000,Arkansas,1988,70.2,77.8,71.1,78.6,64.2,72.6,2.7,1
5000,Arkansas,1989,70.4,78.1,71.3,78.8,64,73.9,2.7,1
5000,Arkansas,1990,70.6,78,71.6,78.9,63.9,73,2.7,1
5000,Arkansas,1991,70.5,78.1,71.6,79,63.3,73.1,2.7,1
5000,Arkansas,1992,70.9,78.3,71.9,79.2,64.3,72.9,2.7,1
5000,Arkansas,1993,70.5,78,71.5,78.7,63.8,73.6,2.7,1
5000,Arkansas,1994,70.7,78.4,71.5,79.1,64.6,74.4,2.7,1
5000,Arkansas,1995,70.9,78.6,72,79.3,64,73.8,2.7,1
5000,Arkansas,1996,71.4,78.5,72.3,79,65.8,74.6,2.7,1
5000,Arkansas,1997,71.3,77.9,72.2,78.5,65.7,73.9,2.7,1
5000,Arkansas,1998,71.8,78.4,72.7,79,65.7,74,2.7,1
5000,Arkansas,1999,71.9,78.5,72.6,79.1,66.4,74.2,2.7,1
5000,Arkansas,2000,71.9,78.1,72.7,78.8,66.1,73.8,2.7,1
5000,Arkansas,2001,72.2,78.3,72.9,78.8,67.3,74.8,2.7,1
5000,Arkansas,2002,72.1,77.9,72.8,78.6,67.3,74,2.7,1
5000,Arkansas,2003,72.2,78.4,73,78.9,66.4,75.1,2.7,1
5000,Arkansas,2004,72.6,78.2,73.3,78.7,66.9,74.5,2.7,1
5000,Arkansas,2005,72.4,78.7,73.1,79.2,66.6,74.9,2.7,1
5000,Arkansas,2006,72.5,78.6,73.2,79.2,67.1,74.6,2.7,1
5000,Arkansas,2007,73,78.5,73.6,78.9,67.4,75.3,2.7,1
5000,Arkansas,2008,72.7,78.4,73.4,78.8,67.1,75.9,2.7,1
5000,Arkansas,2009,73,79.1,73.6,79.6,67.5,75.4,2.7,1
6000,California,1987,72,78.7,72.1,78.8,64.7,73.1,6.1,4.1
6000,California,1988,72,78.6,72.1,78.7,65,72.9,6.1,4.1
6000,California,1989,72.2,78.8,72.3,78.9,64.8,73.3,6.1,4.1
6000,California,1990,72.6,79.3,72.6,79.3,65.6,74.1,6.1,4.1
6000,California,1991,72.7,79.5,72.8,79.5,65.2,74.3,6.1,4.1
6000,California,1992,73.1,79.7,73.1,79.8,65.8,74.4,6.1,4.1
6000,California,1993,73,79.7,73.1,79.7,65.2,74.3,6.1,4.1
6000,California,1994,73.3,79.8,73.3,79.8,65.5,74.5,6.1,4.1
6000,California,1995,73.6,80.1,73.6,80.1,66.3,74.7,6.1,4.1
6000,California,1996,74.4,80.1,74.4,80.1,67.4,74.8,6.1,4.1
6000,California,1997,75,80.3,74.9,80.2,68.7,75.5,6.1,4.1
6000,California,1998,75.3,80.3,75.2,80.2,68.9,75.4,6.1,4.1
6000,California,1999,75.7,80.5,75.6,80.4,69.6,75.5,6.1,4.1
6000,California,2000,75.9,80.8,75.8,80.6,69.8,76.2,6.1,4.1
6000,California,2001,76,80.8,75.9,80.7,69.5,75.8,6.1,4.1
6000,California,2002,76.2,81,76.1,80.8,69.5,76.2,6.1,4.1
6000,California,2003,76.2,81.1,76.1,80.9,69.6,76.3,6.1,4.1
6000,California,2004,76.8,81.5,76.6,81.3,70.1,76.5,6.1,4.1
6000,California,2005,76.7,81.6,76.6,81.4,69.6,76.6,6.1,4.1
6000,California,2006,76.9,81.9,76.7,81.6,70.5,76.9,6.1,4.1
6000,California,2007,77.4,82.2,77.2,82,71.1,77.3,6.1,4.1
6000,California,2008,77.7,82.4,77.5,82.1,71.7,77.8,6.1,4.1
6000,California,2009,78.1,82.8,77.9,82.5,72.3,78.3,6.1,4.1
8000,Colorado,1987,73.5,79.6,73.5,79.8,69.1,73.9,4.3,2.5
8000,Colorado,1988,73.6,79.8,73.6,79.9,68.4,74.5,4.3,2.5
8000,Colorado,1989,73.8,80.2,73.9,80.3,67.7,75.8,4.3,2.5
8000,Colorado,1990,73.9,80,74,80.1,68.5,76.4,4.3,2.5
8000,Colorado,1991,73.8,80,73.9,80.1,67.8,74.1,4.3,2.5
8000,Colorado,1992,74.2,80.7,74.3,80.7,68.3,76.7,4.3,2.5
8000,Colorado,1993,74.4,80.2,74.6,80.4,68.6,75.6,4.3,2.5
8000,Colorado,1994,74.2,80.5,74.3,80.6,68.6,75.5,4.3,2.5
8000,Colorado,1995,74.5,80.4,74.7,80.6,69.7,76.4,4.3,2.5
8000,Colorado,1996,75.1,80.2,75.2,80.2,70.1,77.2,4.3,2.5
8000,Colorado,1997,75.5,80.6,75.6,80.7,71.3,75.4,4.3,2.5
8000,Colorado,1998,75.4,80.3,75.5,80.4,71,76.1,4.3,2.5
8000,Colorado,1999,75.8,80.4,75.9,80.5,71.5,74.9,4.3,2.5
8000,Colorado,2000,76.2,80.6,76.3,80.7,71,75.5,4.3,2.5
8000,Colorado,2001,76.2,80.5,76.3,80.6,71.1,76.9,4.3,2.5
8000,Colorado,2002,75.9,80.8,76,80.8,72.1,76.7,4.3,2.5
8000,Colorado,2003,76.4,80.7,76.4,80.8,71.5,77.9,4.3,2.5
8000,Colorado,2004,76.7,81.4,76.7,81.3,72.1,80.1,4.3,2.5
8000,Colorado,2005,76.7,81.5,76.7,81.5,73.3,77.7,4.3,2.5
8000,Colorado,2006,77.3,81.4,77.3,81.4,73.2,79,4.3,2.5
8000,Colorado,2007,77.5,82,77.4,82,75.7,78.6,4.3,2.5
8000,Colorado,2008,77.5,81.8,77.5,81.8,73.3,79.7,4.3,2.5
8000,Colorado,2009,77.8,82.1,77.9,82.1,73.4,79.9,4.3,2.5
9000,Connecticut,1987,72.8,79.4,73.4,79.7,65.1,75.2,5.5,3.2
9000,Connecticut,1988,72.9,79.5,73.5,79.9,64.5,73.9,5.5,3.2
9000,Connecticut,1989,73,79.6,73.8,80,64.2,75.2,5.5,3.2
9000,Connecticut,1990,73.9,80.2,74.5,80.6,66.4,76.1,5.5,3.2
9000,Connecticut,1991,73.9,80.2,74.5,80.6,65.9,76.4,5.5,3.2
9000,Connecticut,1992,73.9,80.6,74.7,81,65.6,75.5,5.5,3.2
9000,Connecticut,1993,73.9,80.2,74.6,80.6,65.3,75.5,5.5,3.2
9000,Connecticut,1994,73.9,80.2,74.7,80.7,64.1,74.6,5.5,3.2
9000,Connecticut,1995,74.3,80.2,74.9,80.7,66,74.9,5.5,3.2
9000,Connecticut,1996,74.7,80.4,75.3,80.8,66.9,76.7,5.5,3.2
9000,Connecticut,1997,75.2,80.7,75.6,80.9,70,76.7,5.5,3.2
9000,Connecticut,1998,75.5,80.6,76,80.9,69.4,76,5.5,3.2
9000,Connecticut,1999,75.9,81.1,76.2,81.4,71.1,77.2,5.5,3.2
9000,Connecticut,2000,75.7,80.9,76.1,81.2,70.3,77.2,5.5,3.2
9000,Connecticut,2001,76.3,81,76.7,81.3,70.7,77.3,5.5,3.2
9000,Connecticut,2002,76.2,81.5,76.6,81.7,71.2,78.9,5.5,3.2
9000,Connecticut,2003,76.6,81.8,76.8,81.9,72.8,79.7,5.5,3.2
9000,Connecticut,2004,76.8,81.6,77,81.8,72.4,78.5,5.5,3.2
9000,Connecticut,2005,77.1,82.1,77.4,82.3,72.4,79.5,5.5,3.2
9000,Connecticut,2006,77.1,82,77.4,82.2,72.5,79.7,5.5,3.2
9000,Connecticut,2007,77.5,82.3,77.8,82.5,72.7,79.7,5.5,3.2
9000,Connecticut,2008,77.8,82.5,78,82.7,73.8,79.7,5.5,3.2
9000,Connecticut,2009,78.3,82.6,78.5,82.8,74.2,80.2,5.5,3.2
10000,Delaware,1987,70.9,77.5,71.8,78.4,65.7,73,5.2,3.4
10000,Delaware,1988,70.8,77.6,71.8,78.5,64.7,73.9,5.2,3.4
10000,Delaware,1989,71.4,77.3,72.6,78.1,64.7,72.3,5.2,3.4
10000,Delaware,1990,71.9,77.8,73.2,78.7,65.4,72.8,5.2,3.4
10000,Delaware,1991,71.9,78,73,78.9,66.3,72.8,5.2,3.4
10000,Delaware,1992,72.5,78.3,73.6,79,66.6,74.4,5.2,3.4
10000,Delaware,1993,72.2,78.3,73.7,79,64.6,74,5.2,3.4
10000,Delaware,1994,71.6,79,72.6,79.9,66.2,74.3,5.2,3.4
10000,Delaware,1995,72.7,79,74.1,80,65.6,74.4,5.2,3.4
10000,Delaware,1996,72.8,78.6,73.9,79.6,66.5,73.6,5.2,3.4
10000,Delaware,1997,73.6,78.9,74.4,79.8,69.4,74.5,5.2,3.4
10000,Delaware,1998,73.6,78.9,74.6,79.8,68.2,74.3,5.2,3.4
10000,Delaware,1999,73.9,79.3,74.9,80.2,69.3,75.5,5.2,3.4
10000,Delaware,2000,73.9,79.1,74.7,79.7,68.8,76.4,5.2,3.4
10000,Delaware,2001,73.8,78.4,74.6,79.4,69.3,73.7,5.2,3.4
10000,Delaware,2002,74.3,79.6,75.3,80,69.4,77.4,5.2,3.4
10000,Delaware,2003,74.1,79.9,75.1,80.8,68.7,75.6,5.2,3.4
10000,Delaware,2004,74.5,79.8,75.2,80.3,70,76.7,5.2,3.4
10000,Delaware,2005,74.5,79.8,75.2,80.4,70.8,76.2,5.2,3.4
10000,Delaware,2006,75.1,79.9,75.8,80.6,71,76.9,5.2,3.4
10000,Delaware,2007,75.2,80.8,75.7,81.4,72.1,77.8,5.2,3.4
10000,Delaware,2008,75.5,80.3,75.9,80.8,73.3,78.3,5.2,3.4
10000,Delaware,2009,76.2,80.9,77,81.5,71.6,77.6,5.2,3.4
11000,District of Columbia,1987,63.4,73.6,72.1,79.6,59.5,71.3,9.7,7.5
11000,District of Columbia,1988,62.3,72.9,71.4,79.6,58.3,70.3,9.7,7.5
11000,District of Columbia,1989,61.5,73.3,71.5,80.8,57,70.5,9.7,7.5
11000,District of Columbia,1990,61.8,73.9,71.8,80.7,57.3,71.2,9.7,7.5
11000,District of Columbia,1991,61.7,74,71.9,82.4,57.3,70.7,9.7,7.5
11000,District of Columbia,1992,61.9,74.5,71.9,82.6,57.3,71.3,9.7,7.5
11000,District of Columbia,1993,61.6,74.5,73.9,81.2,56.3,71.7,9.7,7.5
11000,District of Columbia,1994,61.6,73.9,72.5,81.3,56.5,70.8,9.7,7.5
11000,District of Columbia,1995,62.8,74.3,72.9,82.3,57.6,71.1,9.7,7.5
11000,District of Columbia,1996,63.9,75.1,75.5,82.6,58.3,71.9,9.7,7.5
11000,District of Columbia,1997,66.1,75.8,76.4,82.2,61.1,73.1,9.7,7.5
11000,District of Columbia,1998,67.5,75.7,77.3,82.7,62.5,72.8,9.7,7.5
11000,District of Columbia,1999,67.7,76.4,77.1,83.3,62.6,73.6,9.7,7.5
11000,District of Columbia,2000,68.3,76.7,77.6,83.8,63.3,73.7,9.7,7.5
11000,District of Columbia,2001,68.2,77.1,77.9,83.1,62.7,74.2,9.7,7.5
11000,District of Columbia,2002,68.7,77.2,78.9,84.1,62.8,74,9.7,7.5
11000,District of Columbia,2003,69.5,78.2,79.6,84.5,63.6,74.9,9.7,7.5
11000,District of Columbia,2004,70.2,77.9,79,84.5,64.7,74.6,9.7,7.5
11000,District of Columbia,2005,70.2,78.1,80.7,85.1,64.3,74.6,9.7,7.5
11000,District of Columbia,2006,70.8,77.9,80.3,83.5,64.9,74.7,9.7,7.5
11000,District of Columbia,2007,72.5,78.2,81.1,84.3,66.4,74.8,9.7,7.5
11000,District of Columbia,2008,71.9,78.9,80.6,87.5,66.2,75.1,9.7,7.5
11000,District of Columbia,2009,73,81.2,82.3,88,67.1,77.5,9.7,7.5
12000,Florida,1987,71.6,79.2,72.7,80.1,63.4,72.3,5,2.9
12000,Florida,1988,71.5,79.1,72.7,80,63.1,72.2,5,2.9
12000,Florida,1989,71.8,79.4,73,80.3,63.4,72.7,5,2.9
12000,Florida,1990,72,79.7,73.2,80.6,64,73.1,5,2.9
12000,Florida,1991,72.5,80.1,73.6,81,64.8,73.7,5,2.9
12000,Florida,1992,72.8,80.1,73.8,81,65.4,73.6,5,2.9
12000,Florida,1993,72.6,79.7,73.6,80.6,65,73.2,5,2.9
12000,Florida,1994,72.8,80,73.8,80.8,65.1,73.7,5,2.9
12000,Florida,1995,72.8,80,73.8,80.9,65.3,73.5,5,2.9
12000,Florida,1996,73.6,80.3,74.5,81.1,66.7,74.3,5,2.9
12000,Florida,1997,74.3,80.5,75.1,81.2,67.9,75.1,5,2.9
12000,Florida,1998,74.5,80.4,75.2,81.1,68.4,75.1,5,2.9
12000,Florida,1999,74.6,80.3,75.3,81,68.7,75.2,5,2.9
12000,Florida,2000,74.6,80.5,75.2,81.2,69,75.5,5,2.9
12000,Florida,2001,74.7,80.4,75.3,81.1,69.5,75.2,5,2.9
12000,Florida,2002,74.9,80.5,75.6,81.2,69.7,75.7,5,2.9
12000,Florida,2003,75,80.7,75.6,81.4,70.1,76.2,5,2.9
12000,Florida,2004,75.3,80.9,75.8,81.5,70.4,76.7,5,2.9
12000,Florida,2005,75.3,81.2,75.8,81.8,70.8,77.1,5,2.9
12000,Florida,2006,75.5,81.5,76,82.1,71.1,77.2,5,2.9
12000,Florida,2007,75.9,81.8,76.4,82.3,71.4,78,5,2.9
12000,Florida,2008,76.1,81.9,76.5,82.3,72,78.5,5,2.9
12000,Florida,2009,76.5,82.1,76.9,82.6,72.7,78.8,5,2.9
13000,Georgia,1987,69.2,77,70.7,78.4,64.2,72.7,5.8,2.8
13000,Georgia,1988,69.1,76.9,70.8,78.5,63.7,72.2,5.8,2.8
13000,Georgia,1989,69.4,77,71.2,78.5,63.4,72.6,5.8,2.8
13000,Georgia,1990,69.7,77.5,71.4,79,64,73.1,5.8,2.8
13000,Georgia,1991,69.9,77.8,71.8,79.4,63.5,73.5,5.8,2.8
13000,Georgia,1992,70.5,77.8,72.4,79.3,64.4,73.7,5.8,2.8
13000,Georgia,1993,70.2,77.7,72.2,79.2,64,73.3,5.8,2.8
13000,Georgia,1994,70.5,78.1,72.4,79.4,64.7,74.3,5.8,2.8
13000,Georgia,1995,70.8,77.8,72.7,79.2,64.8,73.7,5.8,2.8
13000,Georgia,1996,71.2,78,73,79.3,65.5,74.2,5.8,2.8
13000,Georgia,1997,71.9,78.1,73.5,79.3,66.7,74.5,5.8,2.8
13000,Georgia,1998,72.1,78.2,73.5,79.4,67.4,74.7,5.8,2.8
13000,Georgia,1999,72.2,78.2,73.7,79.3,67.4,75.2,5.8,2.8
13000,Georgia,2000,72.2,77.9,73.6,78.9,67.8,75,5.8,2.8
13000,Georgia,2001,72.4,78.2,73.6,79.2,68.1,75.5,5.8,2.8
13000,Georgia,2002,72.7,78.2,73.9,79.2,68.4,75.3,5.8,2.8
13000,Georgia,2003,72.9,78.3,74.1,79.3,68.8,75.4,5.8,2.8
13000,Georgia,2004,73.2,78.8,74.4,79.6,69.2,76.2,5.8,2.8
13000,Georgia,2005,73.6,79,74.7,79.9,69.7,76.3,5.8,2.8
13000,Georgia,2006,73.8,79.2,74.9,80.1,70,76.6,5.8,2.8
13000,Georgia,2007,74,79.5,75.1,80.3,70.5,77.3,5.8,2.8
13000,Georgia,2008,74.5,79.6,75.5,80.4,70.6,77.2,5.8,2.8
13000,Georgia,2009,75,79.9,75.9,80.5,71.7,77.9,5.8,2.8
15000,Hawaii,1987,74.8,81.7,74.7,82,68.6,,2.7,2.4
15000,Hawaii,1988,75.8,81.7,75.2,81.9,73.1,78,2.7,2.4
15000,Hawaii,1989,75.5,81.3,75.2,81.4,73.4,83.9,2.7,2.4
15000,Hawaii,1990,75.4,81.6,75.9,81.1,76.3,73.9,2.7,2.4
15000,Hawaii,1991,76,81.6,75.4,80.7,73.7,75.9,2.7,2.4
15000,Hawaii,1992,75.9,82.3,75.7,82.6,,82.9,2.7,2.4
15000,Hawaii,1993,75.6,82,75,82.1,,79.5,2.7,2.4
15000,Hawaii,1994,75.7,82.6,75.6,82.9,,73.5,2.7,2.4
15000,Hawaii,1995,75.8,81.9,75.9,81.5,70.6,80.9,2.7,2.4
15000,Hawaii,1996,76,81.8,75.5,81.9,74.8,85.8,2.7,2.4
15000,Hawaii,1997,76.5,82.5,76.9,82.7,75.3,,2.7,2.4
15000,Hawaii,1998,76.9,83.1,77.2,83.3,80.2,,2.7,2.4
15000,Hawaii,1999,76.7,82.7,77.1,82,76.1,,2.7,2.4
15000,Hawaii,2000,77.2,82.7,77.2,82.6,,,2.7,2.4
15000,Hawaii,2001,77.5,83,77.8,82.4,,,2.7,2.4
15000,Hawaii,2002,77.6,82.6,78,82.2,,,2.7,2.4
15000,Hawaii,2003,77,83.1,76.9,82.3,,,2.7,2.4
15000,Hawaii,2004,77.4,83.4,77.9,82.9,,,2.7,2.4
15000,Hawaii,2005,77.6,83.7,77.7,83.3,,,2.7,2.4
15000,Hawaii,2006,77.8,83.3,78.3,83.5,,,2.7,2.4
15000,Hawaii,2007,77.9,84.1,77.9,83.6,77.8,,2.7,2.4
15000,Hawaii,2008,78.1,84,78.6,82.9,78.6,,2.7,2.4
15000,Hawaii,2009,77.5,84.1,77.9,83.9,76.6,,2.7,2.4
16000,Idaho,1987,73.3,79.6,73.3,79.7,,,4.3,2.1
16000,Idaho,1988,73.2,79.3,73.3,79.4,,,4.3,2.1
16000,Idaho,1989,73.5,80,73.6,80.1,,,4.3,2.1
16000,Idaho,1990,74.1,80.5,74.1,80.5,,,4.3,2.1
16000,Idaho,1991,74.5,80.1,74.5,80.2,,,4.3,2.1
16000,Idaho,1992,74.2,80.4,74.2,80.5,,,4.3,2.1
16000,Idaho,1993,74.3,80.2,74.4,80.3,,,4.3,2.1
16000,Idaho,1994,74.8,79.9,74.8,80,,,4.3,2.1
16000,Idaho,1995,74.9,80.3,75,80.4,,,4.3,2.1
16000,Idaho,1996,74.9,80.6,75,80.7,,,4.3,2.1
16000,Idaho,1997,74.9,80.9,75,80.9,,,4.3,2.1
16000,Idaho,1998,75.5,80.7,75.6,80.8,,,4.3,2.1
16000,Idaho,1999,75.4,80.6,75.5,80.6,,,4.3,2.1
16000,Idaho,2000,76.1,80.4,76.2,80.5,,,4.3,2.1
16000,Idaho,2001,75.8,80.7,75.9,80.8,,,4.3,2.1
16000,Idaho,2002,76.5,80.6,76.6,80.6,,,4.3,2.1
16000,Idaho,2003,76,80.4,76,80.5,,,4.3,2.1
16000,Idaho,2004,76.6,81.1,76.6,81.1,,,4.3,2.1
16000,Idaho,2005,76.3,81.1,76.3,81.1,,,4.3,2.1
16000,Idaho,2006,76.6,81.3,76.5,81.3,,,4.3,2.1
16000,Idaho,2007,77.3,81,77.3,81,,,4.3,2.1
16000,Idaho,2008,77.4,81.2,77.4,81.2,,,4.3,2.1
16000,Idaho,2009,77.6,81.8,77.6,81.7,,,4.3,2.1
17000,Illinois,1987,71.2,78,72.4,78.9,63,72.3,5.1,3.4
17000,Illinois,1988,70.9,77.9,72.2,78.9,61.8,71.7,5.1,3.4
17000,Illinois,1989,71.1,78.1,72.6,79.2,61.9,71.7,5.1,3.4
17000,Illinois,1990,71.3,78.4,72.9,79.5,61.7,71.9,5.1,3.4
17000,Illinois,1991,71.5,78.4,73,79.4,61.7,72.2,5.1,3.4
17000,Illinois,1992,71.9,78.7,73.6,79.7,62.1,72.9,5.1,3.4
17000,Illinois,1993,71.7,78.5,73.2,79.6,61.8,72.3,5.1,3.4
17000,Illinois,1994,71.7,78.6,73.3,79.6,62.3,72.7,5.1,3.4
17000,Illinois,1995,72.1,78.7,73.5,79.7,63,72.7,5.1,3.4
17000,Illinois,1996,72.8,78.9,74.2,79.9,63.7,73.2,5.1,3.4
17000,Illinois,1997,73.4,79.5,74.7,80.4,64.8,74.1,5.1,3.4
17000,Illinois,1998,73.5,79.3,74.7,80.2,65,74,5.1,3.4
17000,Illinois,1999,73.5,79.3,74.7,80.1,64.9,74,5.1,3.4
17000,Illinois,2000,73.9,79.4,75,80.3,66.2,74.1,5.1,3.4
17000,Illinois,2001,74.2,79.7,75.3,80.5,66.2,74.3,5.1,3.4
17000,Illinois,2002,74.3,79.8,75.4,80.6,66.5,74.5,5.1,3.4
17000,Illinois,2003,74.6,80,75.7,80.8,66.5,74.7,5.1,3.4
17000,Illinois,2004,75.2,80.4,76.1,81.2,68.1,74.9,5.1,3.4
17000,Illinois,2005,75.2,80.4,76.1,81.1,67.9,75.5,5.1,3.4
17000,Illinois,2006,75.5,80.6,76.5,81.2,67.9,75.9,5.1,3.4
17000,Illinois,2007,75.9,80.8,76.9,81.5,68.3,76,5.1,3.4
17000,Illinois,2008,75.9,80.9,76.7,81.4,68.9,76.8,5.1,3.4
17000,Illinois,2009,76.3,81.4,77.1,81.9,69.7,77.2,5.1,3.4
18000,Indiana,1987,71.4,78.5,71.9,78.8,64.9,74,3.5,1.5
18000,Indiana,1988,71.4,78.2,71.8,78.5,64.7,72.9,3.5,1.5
18000,Indiana,1989,72,78.6,72.4,79.1,65.3,72.7,3.5,1.5
18000,Indiana,1990,71.9,78.8,72.3,79.2,65.5,74.2,3.5,1.5
18000,Indiana,1991,72.1,78.6,72.7,79.1,64.5,72.6,3.5,1.5
18000,Indiana,1992,72.4,79.1,73,79.6,64.5,73.7,3.5,1.5
18000,Indiana,1993,72.3,78.7,72.8,79.1,65.2,73.5,3.5,1.5
18000,Indiana,1994,72.5,78.8,73.1,79.3,64,73.8,3.5,1.5
18000,Indiana,1995,72.5,78.5,73.1,79,64.9,73.2,3.5,1.5
18000,Indiana,1996,73,78.8,73.5,79.3,65.6,73.6,3.5,1.5
18000,Indiana,1997,73.1,79,73.7,79.2,66.2,75.3,3.5,1.5
18000,Indiana,1998,73.3,79.1,74,79.5,65.8,73.8,3.5,1.5
18000,Indiana,1999,73.3,78.8,73.9,79.1,66.3,74.4,3.5,1.5
18000,Indiana,2000,73.5,78.8,73.9,79,67.1,75,3.5,1.5
18000,Indiana,2001,73.6,79.1,74.1,79.3,66.1,75.2,3.5,1.5
18000,Indiana,2002,73.9,79,74.3,79.4,67.2,74.9,3.5,1.5
18000,Indiana,2003,73.8,79.1,74.3,79.4,66.7,74.9,3.5,1.5
18000,Indiana,2004,74.3,79.5,74.8,79.8,67.7,76,3.5,1.5
18000,Indiana,2005,74.1,79.4,74.5,79.7,67.6,75.5,3.5,1.5
18000,Indiana,2006,74.2,79.5,74.6,79.8,67.3,76,3.5,1.5
18000,Indiana,2007,74.7,80,75.1,80.3,69.1,75.8,3.5,1.5
18000,Indiana,2008,74.6,79.9,74.9,80.1,68.7,76.8,3.5,1.5
18000,Indiana,2009,74.9,80,75.3,80.2,69.9,76.5,3.5,1.5
19000,Iowa,1987,73.3,80.3,73.3,80.4,68.9,71,3.8,1.6
19000,Iowa,1988,73.3,80.3,73.3,80.3,68.3,75.7,3.8,1.6
19000,Iowa,1989,73.8,80.4,73.8,80.5,67.7,73.5,3.8,1.6
19000,Iowa,1990,74.1,80.9,74.2,81,67.3,74.8,3.8,1.6
19000,Iowa,1991,74,80.6,74.1,80.7,66.8,75.7,3.8,1.6
19000,Iowa,1992,74.6,81,74.6,81.2,70.5,77,3.8,1.6
19000,Iowa,1993,74.4,80.9,74.5,81,68.6,72.9,3.8,1.6
19000,Iowa,1994,74.2,80.8,74.4,80.9,66.6,75.9,3.8,1.6
19000,Iowa,1995,74.5,80.6,74.7,80.7,64.2,74.9,3.8,1.6
19000,Iowa,1996,74.9,80.7,75,80.8,65,75.9,3.8,1.6
19000,Iowa,1997,75.2,81.2,75.3,81.3,67.6,76.4,3.8,1.6
19000,Iowa,1998,75.3,80.8,75.4,80.9,66.1,73.9,3.8,1.6
19000,Iowa,1999,75.6,80.8,75.8,81,66,73.2,3.8,1.6
19000,Iowa,2000,75.8,81.2,75.8,81.3,71.6,73.4,3.8,1.6
19000,Iowa,2001,76.2,81.2,76.2,81.3,68.2,75.2,3.8,1.6
19000,Iowa,2002,76.1,81.5,76.1,81.6,69.3,73.8,3.8,1.6
19000,Iowa,2003,76.2,81.4,76.3,81.5,68.5,73,3.8,1.6
19000,Iowa,2004,76.8,82,76.8,82.1,72.9,73.4,3.8,1.6
19000,Iowa,2005,76.3,81.4,76.4,81.4,69.2,75.9,3.8,1.6
19000,Iowa,2006,76.8,81.6,76.9,81.7,69.1,78,3.8,1.6
19000,Iowa,2007,77,81.8,77.1,81.9,68.6,75.9,3.8,1.6
19000,Iowa,2008,76.6,81.6,76.7,81.7,71.3,78.2,3.8,1.6
19000,Iowa,2009,77,81.9,77.1,82,68.9,75.3,3.8,1.6
20000,Kansas,1987,73,79.9,73.4,80.1,64.9,74.6,3,0.8
20000,Kansas,1988,73,79.7,73.3,80,66.2,73.8,3,0.8
20000,Kansas,1989,73.5,79.7,73.8,80,67.5,75.1,3,0.8
20000,Kansas,1990,73.5,80.3,73.8,80.5,66.3,75.2,3,0.8
20000,Kansas,1991,73.3,80.2,73.7,80.5,64.5,73.7,3,0.8
20000,Kansas,1992,74.1,80.1,74.5,80.5,65.2,74.6,3,0.8
20000,Kansas,1993,73.6,79.9,74.1,80.3,64.4,73.1,3,0.8
20000,Kansas,1994,73.9,79.9,74.4,80.3,63.9,73.9,3,0.8
20000,Kansas,1995,74,80.3,74.4,80.5,64,76.1,3,0.8
20000,Kansas,1996,74.1,79.9,74.5,80.3,64.1,72.2,3,0.8
20000,Kansas,1997,74.2,80.6,74.6,80.9,65.9,75,3,0.8
20000,Kansas,1998,74.4,80.5,74.8,80.7,65.5,75.7,3,0.8
20000,Kansas,1999,74.7,80.1,75,80.4,67.3,74.7,3,0.8
20000,Kansas,2000,74.9,80.2,75.2,80.4,65.9,75,3,0.8
20000,Kansas,2001,74.8,80,75.2,80.3,66,74.8,3,0.8
20000,Kansas,2002,74.9,80,75.2,80.2,65.9,74.5,3,0.8
20000,Kansas,2003,75.3,80.2,75.5,80.5,67.2,74.2,3,0.8
20000,Kansas,2004,75.5,80.3,75.8,80.5,67.4,76.1,3,0.8
20000,Kansas,2005,75.3,80.2,75.7,80.4,66.8,75.8,3,0.8
20000,Kansas,2006,75.5,80.3,76,80.6,66.7,74.2,3,0.8
20000,Kansas,2007,75.6,80.5,75.9,80.8,68,76,3,0.8
20000,Kansas,2008,75.6,80.7,75.9,80.9,67.8,76.8,3,0.8
20000,Kansas,2009,76,80.7,76.3,81,68,76.5,3,0.8
21000,Kentucky,1987,70.1,78,70.3,78.3,65.2,73.7,3.2,0.6
21000,Kentucky,1988,70.2,77.6,70.5,77.9,64.8,72.7,3.2,0.6
21000,Kentucky,1989,70.6,77.7,70.9,77.9,65.3,74.1,3.2,0.6
21000,Kentucky,1990,70.8,78.1,71,78.4,66,73.9,3.2,0.6
21000,Kentucky,1991,70.8,78.1,71.1,78.4,65.4,73.6,3.2,0.6
21000,Kentucky,1992,71.3,78.4,71.5,78.7,66.9,74,3.2,0.6
21000,Kentucky,1993,71.1,78.1,71.3,78.3,66.3,74.9,3.2,0.6
21000,Kentucky,1994,71.4,77.9,71.8,78.2,65.4,73.4,3.2,0.6
21000,Kentucky,1995,71.4,78.3,71.7,78.6,66.4,75,3.2,0.6
21000,Kentucky,1996,71.6,78.5,71.9,78.8,66.4,75.2,3.2,0.6
21000,Kentucky,1997,71.8,78.4,72.1,78.7,66.4,73.9,3.2,0.6
21000,Kentucky,1998,72.3,78.4,72.5,78.7,68,74.6,3.2,0.6
21000,Kentucky,1999,72.2,78.3,72.4,78.5,67.2,74,3.2,0.6
21000,Kentucky,2000,72.3,78.2,72.5,78.5,67.8,74.2,3.2,0.6
21000,Kentucky,2001,72.3,78,72.5,78.2,68.2,74.7,3.2,0.6
21000,Kentucky,2002,72.1,77.9,72.2,78.1,67.9,74.5,3.2,0.6
21000,Kentucky,2003,72.3,78.2,72.5,78.3,68.5,75.1,3.2,0.6
21000,Kentucky,2004,72.9,78.5,73.1,78.6,68.2,76,3.2,0.6
21000,Kentucky,2005,72.6,78.4,72.7,78.5,68.5,76,3.2,0.6
21000,Kentucky,2006,72.7,78.5,72.9,78.7,67.5,74.9,3.2,0.6
21000,Kentucky,2007,73.1,78.7,73.2,78.9,68.4,75.1,3.2,0.6
21000,Kentucky,2008,73.2,78.6,73.3,78.7,69.4,76.5,3.2,0.6
21000,Kentucky,2009,73.3,78.6,73.4,78.7,69.1,76.1,3.2,0.6
22000,Louisiana,1987,69.5,77.1,71.1,78.7,65,73.2,3.2,1.7
22000,Louisiana,1988,69.2,76.7,70.8,78.2,64.7,73.1,3.2,1.7
22000,Louisiana,1989,69.2,76.5,71.2,78.3,63.9,72.5,3.2,1.7
22000,Louisiana,1990,69.1,77.1,71.4,78.7,63.4,73.3,3.2,1.7
22000,Louisiana,1991,69,77.2,71.1,78.7,63.5,73.7,3.2,1.7
22000,Louisiana,1992,69.5,77.5,71.7,79,64.2,73.8,3.2,1.7
22000,Louisiana,1993,69.2,77,71.6,78.5,63.4,73.2,3.2,1.7
22000,Louisiana,1994,69.7,77.2,71.9,78.8,64.3,73.6,3.2,1.7
22000,Louisiana,1995,69.9,77.1,72.2,78.8,64.4,73.5,3.2,1.7
22000,Louisiana,1996,70.2,77.5,72.3,78.9,65.1,74.3,3.2,1.7
22000,Louisiana,1997,70.6,77.3,72.7,78.8,65.7,73.9,3.2,1.7
22000,Louisiana,1998,70.8,77.3,73,78.9,65.6,73.6,3.2,1.7
22000,Louisiana,1999,71.1,77.4,72.9,78.9,66.5,74.1,3.2,1.7
22000,Louisiana,2000,71.2,77.4,73.1,78.9,66.4,74,3.2,1.7
22000,Louisiana,2001,71,77.3,72.9,78.7,66.4,73.9,3.2,1.7
22000,Louisiana,2002,71,77.3,72.9,78.8,66.5,73.9,3.2,1.7
22000,Louisiana,2003,71.1,77.4,73,78.8,66.3,74.1,3.2,1.7
22000,Louisiana,2004,71.1,77.3,73.1,78.6,66.1,74.4,3.2,1.7
22000,Louisiana,2005,70.8,76.9,72.7,78.4,66,73.6,3.2,1.7
22000,Louisiana,2006,71.4,77.9,73.1,79.2,66.8,74.6,3.2,1.7
22000,Louisiana,2007,71.4,78,73,79.1,67.1,75.4,3.2,1.7
22000,Louisiana,2008,72.2,78.1,73.7,79.2,68.2,75.5,3.2,1.7
22000,Louisiana,2009,72.6,78.7,74.2,79.8,68.6,76.2,3.2,1.7
23000,Maine,1987,72.2,78.9,72.2,78.9,,,4.5,2.7
23000,Maine,1988,72.2,78.8,72.2,78.8,,,4.5,2.7
23000,Maine,1989,72.6,79.5,72.6,79.4,,,4.5,2.7
23000,Maine,1990,73.3,79.8,73.3,79.8,,,4.5,2.7
23000,Maine,1991,73.2,79.9,73.2,79.9,,,4.5,2.7
23000,Maine,1992,73.8,80.1,73.8,80.1,,,4.5,2.7
23000,Maine,1993,73.5,79.9,73.6,79.9,,,4.5,2.7
23000,Maine,1994,73.8,79.6,73.8,79.6,,,4.5,2.7
23000,Maine,1995,74,80.1,74,80.1,,,4.5,2.7
23000,Maine,1996,74.6,80.3,74.5,80.2,,,4.5,2.7
23000,Maine,1997,74.8,80,74.7,80,,,4.5,2.7
23000,Maine,1998,74.5,80.3,74.5,80.3,,,4.5,2.7
23000,Maine,1999,75.1,80,75.1,80,,,4.5,2.7
23000,Maine,2000,75.4,80,75.4,80,,,4.5,2.7
23000,Maine,2001,75.3,80.3,75.3,80.3,,,4.5,2.7
23000,Maine,2002,75,80.2,75,80.2,,,4.5,2.7
23000,Maine,2003,75.7,80.5,75.7,80.5,,,4.5,2.7
23000,Maine,2004,75.7,80.5,75.7,80.6,,,4.5,2.7
23000,Maine,2005,75.3,80.2,75.3,80.2,,,4.5,2.7
23000,Maine,2006,75.8,80.9,75.8,80.9,,,4.5,2.7
23000,Maine,2007,76.2,81.2,76.2,81.2,,,4.5,2.7
23000,Maine,2008,76.4,81.3,76.4,81.3,,,4.5,2.7
23000,Maine,2009,76.7,81.6,76.7,81.6,,,4.5,2.7
24000,Maryland,1987,70.7,77.3,72.3,78.3,65,73.5,5.2,3.8
24000,Maryland,1988,70.7,77.4,72.3,78.6,64.6,73.3,5.2,3.8
24000,Maryland,1989,71,77.8,72.9,78.9,64.5,73.9,5.2,3.8
24000,Maryland,1990,71.4,78.2,73.3,79.4,64.9,74,5.2,3.8
24000,Maryland,1991,71.6,78.5,73.6,79.7,64.8,74.4,5.2,3.8
24000,Maryland,1992,71.8,78.3,73.9,79.5,65,74.5,5.2,3.8
24000,Maryland,1993,71.5,78.3,73.8,79.6,64.4,74.3,5.2,3.8
24000,Maryland,1994,71.7,78.4,73.9,79.7,64.7,74.5,5.2,3.8
24000,Maryland,1995,71.7,78.4,74.1,79.6,64.4,74.6,5.2,3.8
24000,Maryland,1996,72.2,78.7,74.5,80,65.4,74.7,5.2,3.8
24000,Maryland,1997,72.9,78.9,75,80.2,66.4,75.1,5.2,3.8
24000,Maryland,1998,73.2,78.9,75.4,80.2,66.9,75.3,5.2,3.8
24000,Maryland,1999,73.3,79,75.2,80.2,67.6,75.6,5.2,3.8
24000,Maryland,2000,73.7,78.9,75.5,80.1,68.2,75.4,5.2,3.8
24000,Maryland,2001,73.8,79.1,75.5,80.3,68.4,75.8,5.2,3.8
24000,Maryland,2002,74.1,79.2,75.7,80.4,68.7,75.9,5.2,3.8
24000,Maryland,2003,74.1,79.5,75.8,80.6,68.8,76.2,5.2,3.8
24000,Maryland,2004,74.4,79.9,76.1,80.9,69.1,76.7,5.2,3.8
24000,Maryland,2005,74.7,80.1,76.2,81.1,69.8,77.1,5.2,3.8
24000,Maryland,2006,75.1,80,76.5,81,70.4,77.1,5.2,3.8
24000,Maryland,2007,75.2,80.5,76.7,81.5,70.4,77.5,5.2,3.8
24000,Maryland,2008,75.5,80.9,76.8,81.7,71,78.4,5.2,3.8
24000,Maryland,2009,75.9,81.1,77.2,81.9,71.5,78.6,5.2,3.8
25000,Massachusetts,1987,72.3,79.2,72.4,79.3,67.2,75.9,5.8,3.4
25000,Massachusetts,1988,72.3,78.9,72.5,79.1,66.6,74.2,5.8,3.4
25000,Massachusetts,1989,72.9,79.6,73.1,79.7,66.9,75.7,5.8,3.4
25000,Massachusetts,1990,73.3,79.8,73.5,80,67.6,75.3,5.8,3.4
25000,Massachusetts,1991,73.7,80.1,73.9,80.2,67.8,78.4,5.8,3.4
25000,Massachusetts,1992,73.6,80,73.8,80.2,68.2,75.5,5.8,3.4
25000,Massachusetts,1993,73.8,80.1,74,80.1,67.4,78,5.8,3.4
25000,Massachusetts,1994,74,80.2,74.2,80.3,67.6,76.5,5.8,3.4
25000,Massachusetts,1995,74.3,80.3,74.6,80.5,68,76.2,5.8,3.4
25000,Massachusetts,1996,74.7,80.6,74.8,80.7,70.3,78.5,5.8,3.4
25000,Massachusetts,1997,75.3,80.7,75.4,80.8,70.2,77.8,5.8,3.4
25000,Massachusetts,1998,75.5,80.8,75.5,80.9,71.6,78.9,5.8,3.4
25000,Massachusetts,1999,75.6,80.9,75.7,80.9,71.8,78.8,5.8,3.4
25000,Massachusetts,2000,75.8,80.8,75.9,80.8,72.1,78.6,5.8,3.4
25000,Massachusetts,2001,75.8,80.7,75.9,80.8,72,79.4,5.8,3.4
25000,Massachusetts,2002,75.8,81,75.9,81,71.2,78.5,5.8,3.4
25000,Massachusetts,2003,76.1,81.1,76.1,81.1,71.7,78.7,5.8,3.4
25000,Massachusetts,2004,76.5,81.6,76.5,81.5,72.1,80.6,5.8,3.4
25000,Massachusetts,2005,76.9,81.7,76.9,81.7,73.5,79.7,5.8,3.4
25000,Massachusetts,2006,77.2,81.9,77.2,81.9,73.7,80.3,5.8,3.4
25000,Massachusetts,2007,77.3,82.1,77.3,82,74.4,81.7,5.8,3.4
25000,Massachusetts,2008,77.6,82.5,77.7,82.5,74.4,81.1,5.8,3.4
25000,Massachusetts,2009,78.1,82.6,78,82.5,75.5,81.1,5.8,3.4
26000,Michigan,1987,71,77.8,72.3,78.6,62.5,72.5,4.7,2.9
26000,Michigan,1988,71.2,77.8,72.4,78.7,63.4,72.3,4.7,2.9
26000,Michigan,1989,71.5,78,72.9,79,62.8,72.1,4.7,2.9
26000,Michigan,1990,71.8,78.4,73.1,79.3,63.4,73,4.7,2.9
26000,Michigan,1991,71.9,78.5,73.3,79.4,63.3,73.1,4.7,2.9
26000,Michigan,1992,72.3,78.8,73.7,79.8,64.1,73,4.7,2.9
26000,Michigan,1993,72.2,78.6,73.6,79.5,63.6,73,4.7,2.9
26000,Michigan,1994,72.4,78.6,73.9,79.5,63.7,73.3,4.7,2.9
26000,Michigan,1995,72.8,78.8,74.2,79.8,64.3,73.5,4.7,2.9
26000,Michigan,1996,73.2,79,74.4,79.8,65.6,74.1,4.7,2.9
26000,Michigan,1997,73.5,79.1,74.6,80,66.3,73.8,4.7,2.9
26000,Michigan,1998,73.5,79,74.6,79.8,66.3,74.2,4.7,2.9
26000,Michigan,1999,73.6,78.9,74.7,79.7,66.1,74,4.7,2.9
26000,Michigan,2000,73.9,79.1,75,79.9,66.8,74,4.7,2.9
26000,Michigan,2001,74.1,79.4,75.2,80.2,67.1,74.4,4.7,2.9
26000,Michigan,2002,74.2,79.3,75.3,80.1,67,74.3,4.7,2.9
26000,Michigan,2003,74.5,79.6,75.4,80.3,67.5,75.2,4.7,2.9
26000,Michigan,2004,75,79.9,76,80.7,68.3,75.2,4.7,2.9
26000,Michigan,2005,74.9,79.7,76,80.4,67.9,75.4,4.7,2.9
26000,Michigan,2006,75.1,80,76.1,80.7,68,75.6,4.7,2.9
26000,Michigan,2007,75.2,80.2,76.1,81,68.2,75.5,4.7,2.9
26000,Michigan,2008,75.5,80.2,76.4,80.9,68.7,76,4.7,2.9
26000,Michigan,2009,75.7,80.7,76.6,81.3,68.7,76.5,4.7,2.9
27000,Minnesota,1987,74.1,80.5,74.3,80.6,68.2,75.4,4.4,2.8
27000,Minnesota,1988,74,80.5,74.1,80.6,67.8,73.7,4.4,2.8
27000,Minnesota,1989,74.5,81,74.7,81.2,67.1,75.7,4.4,2.8
27000,Minnesota,1990,74.6,80.9,74.9,81,64.5,75.2,4.4,2.8
27000,Minnesota,1991,74.6,81,74.8,81.2,66.1,73.7,4.4,2.8
27000,Minnesota,1992,75,81.3,75.2,81.5,68,74.3,4.4,2.8
27000,Minnesota,1993,75,81.2,75.3,81.4,67.3,75,4.4,2.8
27000,Minnesota,1994,75.1,81,75.4,81.2,65.5,74,4.4,2.8
27000,Minnesota,1995,75,81,75.4,81.2,67.1,76.8,4.4,2.8
27000,Minnesota,1996,75.5,81.3,75.7,81.5,67.4,75.2,4.4,2.8
27000,Minnesota,1997,76,81.5,76.3,81.7,69.3,74.6,4.4,2.8
27000,Minnesota,1998,76.2,81.4,76.6,81.6,68.8,75.9,4.4,2.8
27000,Minnesota,1999,76.1,81.4,76.4,81.6,70.8,76.4,4.4,2.8
27000,Minnesota,2000,76.6,81.8,76.9,82,70.7,76.2,4.4,2.8
27000,Minnesota,2001,76.8,81.9,77.1,82.1,69.5,77.3,4.4,2.8
27000,Minnesota,2002,76.8,81.8,77,81.9,70.1,78,4.4,2.8
27000,Minnesota,2003,77.3,82.3,77.5,82.4,72.6,77.5,4.4,2.8
27000,Minnesota,2004,77.7,82.5,78,82.7,72.1,77.5,4.4,2.8
27000,Minnesota,2005,77.7,82.4,78,82.7,73.3,76.6,4.4,2.8
27000,Minnesota,2006,78,82.5,78.3,82.8,72.7,77.9,4.4,2.8
27000,Minnesota,2007,78,83,78.4,83.2,69.8,78.8,4.4,2.8
27000,Minnesota,2008,78.2,82.8,78.5,83.1,72.9,78.3,4.4,2.8
27000,Minnesota,2009,78.5,83.3,78.8,83.6,73.4,79.4,4.4,2.8
28000,Mississippi,1987,68.9,76.9,70.6,78.4,65.2,73.8,2.9,1.4
28000,Mississippi,1988,69.2,77.1,70.8,78.6,65.3,73.9,2.9,1.4
28000,Mississippi,1989,68.8,76.9,70.4,78.6,64.7,73.6,2.9,1.4
28000,Mississippi,1990,68.9,77.2,70.9,79,64.6,74,2.9,1.4
28000,Mississippi,1991,68.9,77.1,71,78.9,64.4,73.4,2.9,1.4
28000,Mississippi,1992,69.2,77.2,71.2,79,65.1,74,2.9,1.4
28000,Mississippi,1993,68.9,77.2,71,79,64.4,73.7,2.9,1.4
28000,Mississippi,1994,69.2,76.7,71.5,78.7,64.5,73.2,2.9,1.4
28000,Mississippi,1995,69.1,77.2,71.2,78.8,64.9,74.1,2.9,1.4
28000,Mississippi,1996,69.7,77.3,71.7,78.9,65.4,73.9,2.9,1.4
28000,Mississippi,1997,69.9,77,72.1,78.7,65.6,73.7,2.9,1.4
28000,Mississippi,1998,69.9,77.1,71.9,78.7,65.9,73.9,2.9,1.4
28000,Mississippi,1999,70.1,77.1,71.7,78.8,66.4,74,2.9,1.4
28000,Mississippi,2000,70.3,76.8,71.8,78.3,66.8,74,2.9,1.4
28000,Mississippi,2001,70.5,77.2,72.3,78.6,66.7,74.2,2.9,1.4
28000,Mississippi,2002,70.5,77,72.3,78.6,66.6,73.9,2.9,1.4
28000,Mississippi,2003,70.7,77,72.5,78.4,67,74.3,2.9,1.4
28000,Mississippi,2004,70.8,77.7,72.2,79.2,67.5,74.9,2.9,1.4
28000,Mississippi,2005,70.5,77.2,72,78.5,67.1,74.8,2.9,1.4
28000,Mississippi,2006,70.7,77.5,72.4,78.8,67.4,74.9,2.9,1.4
28000,Mississippi,2007,70.9,77.9,72.4,79.1,67.5,75.4,2.9,1.4
28000,Mississippi,2008,71.4,77.8,72.9,78.7,68.1,75.9,2.9,1.4
28000,Mississippi,2009,71.8,78.3,73.1,79.5,68.9,75.9,2.9,1.4
29000,Missouri,1987,71.3,78.4,72,78.9,63.6,73.4,3.5,1.8
29000,Missouri,1988,71.2,78.6,72,79.2,63.5,73.5,3.5,1.8
29000,Missouri,1989,71.5,78.8,72.3,79.5,63.4,73.3,3.5,1.8
29000,Missouri,1990,71.6,78.9,72.5,79.5,63.3,73.2,3.5,1.8
29000,Missouri,1991,71.4,78.9,72.4,79.7,62.2,72.9,3.5,1.8
29000,Missouri,1992,71.8,79.2,72.9,79.8,62.4,73.9,3.5,1.8
29000,Missouri,1993,71.6,78.8,72.6,79.4,62.3,73.6,3.5,1.8
29000,Missouri,1994,71.8,78.7,72.8,79.3,62.2,74.1,3.5,1.8
29000,Missouri,1995,71.9,78.9,72.7,79.5,63.8,73.8,3.5,1.8
29000,Missouri,1996,72.6,78.8,73.4,79.3,64.7,74.3,3.5,1.8
29000,Missouri,1997,72.7,79,73.6,79.6,64.8,73.6,3.5,1.8
29000,Missouri,1998,72.9,78.7,73.8,79.3,65,73.6,3.5,1.8
29000,Missouri,1999,72.9,78.8,73.8,79.4,65.2,73.8,3.5,1.8
29000,Missouri,2000,73.4,79,74.1,79.4,66.2,74.7,3.5,1.8
29000,Missouri,2001,73.5,79.1,74.2,79.5,66.1,75,3.5,1.8
29000,Missouri,2002,73.2,79.1,73.9,79.6,66.4,74.5,3.5,1.8
29000,Missouri,2003,73.6,79,74.3,79.4,67,74.8,3.5,1.8
29000,Missouri,2004,74,79.4,74.7,79.9,67.1,75.4,3.5,1.8
29000,Missouri,2005,73.9,79.5,74.5,79.9,66.7,75.7,3.5,1.8
29000,Missouri,2006,74.1,79.4,74.8,79.9,66.9,74.8,3.5,1.8
29000,Missouri,2007,74.4,79.9,75.1,80.3,67.4,75.9,3.5,1.8
29000,Missouri,2008,74.3,79.8,74.9,80.1,68,77.1,3.5,1.8
29000,Missouri,2009,74.8,80.2,75.3,80.4,69.3,77.7,3.5,1.8
30000,Montana,1987,72.5,79.6,73,80,,,3.8,1.2
30000,Montana,1988,73.3,79.5,74,79.9,,,3.8,1.2
30000,Montana,1989,72.8,80,73.3,80.4,,,3.8,1.2
30000,Montana,1990,73.4,79.4,73.9,79.9,,,3.8,1.2
30000,Montana,1991,73.2,79.8,73.8,80.3,,,3.8,1.2
30000,Montana,1992,73.6,79.6,74.2,79.9,,,3.8,1.2
30000,Montana,1993,73.6,79.7,74,80.1,,,3.8,1.2
30000,Montana,1994,73.6,80.4,74,80.8,,,3.8,1.2
30000,Montana,1995,73.7,79.7,74.2,80.1,,,3.8,1.2
30000,Montana,1996,73.7,80.6,74,80.9,,,3.8,1.2
30000,Montana,1997,74,80,74.5,80.4,,,3.8,1.2
30000,Montana,1998,74.2,80.4,74.6,80.8,,,3.8,1.2
30000,Montana,1999,74.8,79.9,75.5,80.3,,,3.8,1.2
30000,Montana,2000,74.7,80.3,75.3,80.6,,,3.8,1.2
30000,Montana,2001,74.8,80.5,75.3,80.9,,,3.8,1.2
30000,Montana,2002,75.1,79.3,75.8,79.6,,,3.8,1.2
30000,Montana,2003,74.8,80.2,75.3,80.6,,,3.8,1.2
30000,Montana,2004,75.8,80.4,76.5,80.9,,,3.8,1.2
30000,Montana,2005,75.2,80.4,75.6,81,,,3.8,1.2
30000,Montana,2006,75.4,80.5,76.1,81,,,3.8,1.2
30000,Montana,2007,76,80.4,76.5,81,,,3.8,1.2
30000,Montana,2008,75.4,80.9,75.9,81.4,,,3.8,1.2
30000,Montana,2009,76.3,80.8,76.8,81.4,,,3.8,1.2
31000,Nebraska,1987,73.1,79.9,73.4,80.2,65.8,72,4.2,1.8
31000,Nebraska,1988,73.3,79.9,73.6,80.2,67.1,71.6,4.2,1.8
31000,Nebraska,1989,73.6,80,73.9,80.4,68,73.1,4.2,1.8
31000,Nebraska,1990,73.4,80.5,73.6,80.8,67.1,73.1,4.2,1.8
31000,Nebraska,1991,73.9,80.6,74.2,80.8,64.1,76,4.2,1.8
31000,Nebraska,1992,74.4,80.2,74.7,80.5,65.7,73,4.2,1.8
31000,Nebraska,1993,73.8,80.7,74.1,81,64.6,73.9,4.2,1.8
31000,Nebraska,1994,74,80.7,74.3,81,65.2,75.1,4.2,1.8
31000,Nebraska,1995,74.5,80.7,74.9,81,64.9,73.4,4.2,1.8
31000,Nebraska,1996,74.6,80.3,74.9,80.7,66.7,72.3,4.2,1.8
31000,Nebraska,1997,74.8,80.8,75.1,81.1,65.7,72.1,4.2,1.8
31000,Nebraska,1998,74.9,80.9,75.2,81.2,68.4,72.3,4.2,1.8
31000,Nebraska,1999,75,80.3,75.3,80.7,67.9,72.5,4.2,1.8
31000,Nebraska,2000,75.7,80.9,76,81.2,67,74.1,4.2,1.8
31000,Nebraska,2001,75.9,80.9,76.2,81.1,67.4,77,4.2,1.8
31000,Nebraska,2002,75.4,80.8,75.7,80.9,66.5,75.9,4.2,1.8
31000,Nebraska,2003,76.1,80.8,76.5,81.1,66.8,75,4.2,1.8
31000,Nebraska,2004,76.5,81.5,76.7,81.9,69.3,73.3,4.2,1.8
31000,Nebraska,2005,76.5,81.4,76.8,81.6,68.1,74.9,4.2,1.8
31000,Nebraska,2006,76.5,81.8,76.8,82,68.9,75.9,4.2,1.8
31000,Nebraska,2007,76.6,81.4,76.8,81.7,69.7,73.9,4.2,1.8
31000,Nebraska,2008,76.5,81.7,76.8,82,69.4,74,4.2,1.8
31000,Nebraska,2009,77.3,81.7,77.5,81.9,70.5,76.8,4.2,1.8
32000,Nevada,1987,70.8,77.1,70.9,77.3,67.7,72.8,4.6,3.3
32000,Nevada,1988,70.6,77,70.9,77.3,65.5,72.6,4.6,3.3
32000,Nevada,1989,71,77.7,71.3,78.1,63.9,71.2,4.6,3.3
32000,Nevada,1990,71,77.8,71.3,77.9,65.2,74.5,4.6,3.3
32000,Nevada,1991,71.1,77.6,71.4,77.7,65.2,73.5,4.6,3.3
32000,Nevada,1992,71.6,78.6,71.8,78.8,66.3,75.9,4.6,3.3
32000,Nevada,1993,71.7,78.4,71.8,78.4,68.5,75.3,4.6,3.3
32000,Nevada,1994,71.6,78.1,71.8,78.2,67,74.3,4.6,3.3
32000,Nevada,1995,71.8,78.4,72,78.5,67.2,74.6,4.6,3.3
32000,Nevada,1996,72.1,78.6,72.3,78.6,67.1,75.9,4.6,3.3
32000,Nevada,1997,72.9,78.9,72.9,78.9,69.7,75.9,4.6,3.3
32000,Nevada,1998,72.9,78.2,73.1,78.2,67.6,76.2,4.6,3.3
32000,Nevada,1999,73,78.5,73,78.6,69.8,74.5,4.6,3.3
32000,Nevada,2000,73.6,78.9,73.5,78.8,70.5,76.5,4.6,3.3
32000,Nevada,2001,73.5,78.7,73.6,78.7,69.7,75.4,4.6,3.3
32000,Nevada,2002,73.8,78.7,74,78.8,69.8,75.3,4.6,3.3
32000,Nevada,2003,73.7,78.7,73.7,78.6,69.6,77,4.6,3.3
32000,Nevada,2004,74.1,79.1,74.1,79.1,70.2,75.7,4.6,3.3
32000,Nevada,2005,73.6,79,73.7,78.8,69.1,76.7,4.6,3.3
32000,Nevada,2006,74,79.3,74,79.2,71.2,76.8,4.6,3.3
32000,Nevada,2007,74.5,80.1,74.4,79.8,71.4,78.5,4.6,3.3
32000,Nevada,2008,75,80.3,74.9,80.1,72.3,78,4.6,3.3
32000,Nevada,2009,75.5,80.4,75.1,80.1,73.1,78.7,4.6,3.3
33000,New Hampshire,1987,72.9,79.1,72.9,79.1,,,5.5,3.6
33000,New Hampshire,1988,73,78.9,72.9,78.9,,,5.5,3.6
33000,New Hampshire,1989,73.3,79.2,73.2,79.1,,,5.5,3.6
33000,New Hampshire,1990,73.5,80.1,73.4,80.1,,,5.5,3.6
33000,New Hampshire,1991,73.9,80.1,73.9,80,,,5.5,3.6
33000,New Hampshire,1992,74.6,80.1,74.6,80.1,,,5.5,3.6
33000,New Hampshire,1993,74.7,80.2,74.7,80.2,,,5.5,3.6
33000,New Hampshire,1994,74.8,80.8,74.7,80.8,,,5.5,3.6
33000,New Hampshire,1995,74.9,80.3,74.9,80.2,,,5.5,3.6
33000,New Hampshire,1996,75,80.3,75.1,80.3,,,5.5,3.6
33000,New Hampshire,1997,75.5,80.4,75.5,80.4,,,5.5,3.6
33000,New Hampshire,1998,75.4,81,75.3,80.9,,,5.5,3.6
33000,New Hampshire,1999,76,80.5,76,80.5,,,5.5,3.6
33000,New Hampshire,2000,76.1,81,76.1,81,,,5.5,3.6
33000,New Hampshire,2001,76.2,81.2,76.2,81.2,,,5.5,3.6
33000,New Hampshire,2002,76.5,81,76.4,81,,,5.5,3.6
33000,New Hampshire,2003,77.1,81.6,77,81.6,,,5.5,3.6
33000,New Hampshire,2004,76.9,81.3,76.8,81.3,,,5.5,3.6
33000,New Hampshire,2005,77,81.5,76.9,81.4,,,5.5,3.6
33000,New Hampshire,2006,77.3,81.6,77.3,81.6,,,5.5,3.6
33000,New Hampshire,2007,77.5,81.6,77.4,81.5,,,5.5,3.6
33000,New Hampshire,2008,77.7,82.2,77.5,82.1,,,5.5,3.6
33000,New Hampshire,2009,78.4,82.7,78.2,82.6,,,5.5,3.6
34000,New Jersey,1987,71.1,77.9,72.3,78.7,63,72.2,6.6,4.3
34000,New Jersey,1988,71,77.8,72.2,78.6,62.6,72.3,6.6,4.3
34000,New Jersey,1989,71.8,78.2,73,79,63.1,72.5,6.6,4.3
34000,New Jersey,1990,72.2,78.5,73.4,79.4,64,72.9,6.6,4.3
34000,New Jersey,1991,72.4,78.8,73.6,79.7,63.9,72.8,6.6,4.3
34000,New Jersey,1992,72.5,79.1,73.6,79.9,64.1,73.4,6.6,4.3
34000,New Jersey,1993,72.6,79,73.9,79.9,63.7,73,6.6,4.3
34000,New Jersey,1994,72.8,79.1,74,79.9,64.4,73.6,6.6,4.3
34000,New Jersey,1995,73,79.1,74.1,80,64.6,72.8,6.6,4.3
34000,New Jersey,1996,73.7,79.4,74.7,80.1,66,74.1,6.6,4.3
34000,New Jersey,1997,74.4,79.7,75.2,80.3,68,75.1,6.6,4.3
34000,New Jersey,1998,74.8,80,75.5,80.6,68.9,75.1,6.6,4.3
34000,New Jersey,1999,74.8,79.9,75.5,80.4,68.5,75.2,6.6,4.3
34000,New Jersey,2000,74.8,80.1,75.5,80.7,68.4,75.3,6.6,4.3
34000,New Jersey,2001,74.9,80.1,75.6,80.7,68.6,75.2,6.6,4.3
34000,New Jersey,2002,75.6,80.3,76.1,80.9,69.9,75.3,6.6,4.3
34000,New Jersey,2003,75.7,80.7,76.4,81.2,69.1,76.5,6.6,4.3
34000,New Jersey,2004,76.3,81,76.9,81.4,70.3,76.8,6.6,4.3
34000,New Jersey,2005,76.3,81.1,76.9,81.6,70.5,76.6,6.6,4.3
34000,New Jersey,2006,76.4,81.5,76.8,81.8,70.9,77.3,6.6,4.3
34000,New Jersey,2007,76.9,81.6,77.3,82,71.5,77.9,6.6,4.3
34000,New Jersey,2008,77.2,81.9,77.6,82.2,71.9,78.5,6.6,4.3
34000,New Jersey,2009,77.8,82.2,78.1,82.5,72.8,79.1,6.6,4.3
35000,New Mexico,1987,72,78.6,72.5,78.8,,,3.5,2.4
35000,New Mexico,1988,72,78.7,72.4,78.9,,,3.5,2.4
35000,New Mexico,1989,72.1,79.7,72.7,80,,,3.5,2.4
35000,New Mexico,1990,72.5,79.6,72.9,79.8,,,3.5,2.4
35000,New Mexico,1991,72.3,79.6,72.8,79.8,,,3.5,2.4
35000,New Mexico,1992,73,80.1,73.5,80.3,,,3.5,2.4
35000,New Mexico,1993,73.1,79.4,73.5,79.7,,76.1,3.5,2.4
35000,New Mexico,1994,72.8,80,73.1,80.3,73.1,76.4,3.5,2.4
35000,New Mexico,1995,73.1,79.7,73.4,80,,74.4,3.5,2.4
35000,New Mexico,1996,73.6,80.3,73.8,80.5,,84.2,3.5,2.4
35000,New Mexico,1997,73.9,80.4,74.2,80.6,,82.5,3.5,2.4
35000,New Mexico,1998,74.4,80.2,74.6,80.4,71,77.2,3.5,2.4
35000,New Mexico,1999,73.8,80.1,74.2,80.3,67.8,78.3,3.5,2.4
35000,New Mexico,2000,74.5,80.2,74.7,80.3,75.5,82.5,3.5,2.4
35000,New Mexico,2001,74.2,80.4,74.6,80.6,72.7,78.2,3.5,2.4
35000,New Mexico,2002,73.9,80.4,74.2,80.4,76.5,78.3,3.5,2.4
35000,New Mexico,2003,74,80.4,74.3,80.5,74.9,79.8,3.5,2.4
35000,New Mexico,2004,74.7,80.7,75,80.8,74.4,77.9,3.5,2.4
35000,New Mexico,2005,74.5,80.5,74.8,80.7,76.1,77.5,3.5,2.4
35000,New Mexico,2006,74.6,80.5,74.8,80.5,71,80.1,3.5,2.4
35000,New Mexico,2007,74.6,80.7,75,80.8,73.7,81.3,3.5,2.4
35000,New Mexico,2008,74.9,80.7,75.1,80.8,76.6,86.6,3.5,2.4
35000,New Mexico,2009,75.6,81,75.8,81.1,78.9,87.2,3.5,2.4
36000,New York,1987,70.2,77.7,71.3,78.4,63.1,73.6,7.7,5
36000,New York,1988,70.1,77.6,71.4,78.3,62.3,73.4,7.7,5
36000,New York,1989,70.4,78,71.6,78.7,62.9,74,7.7,5
36000,New York,1990,70.9,78.4,72,79.1,63.6,74.6,7.7,5
36000,New York,1991,71.1,78.6,72.2,79.3,64,74.4,7.7,5
36000,New York,1992,71.5,78.8,72.5,79.5,65.1,75,7.7,5
36000,New York,1993,71.5,78.7,72.5,79.3,64.7,74.8,7.7,5
36000,New York,1994,71.9,78.9,72.9,79.5,65.4,75.1,7.7,5
36000,New York,1995,72.3,79,73.2,79.7,66,75.2,7.7,5
36000,New York,1996,73.3,79.3,74,79.8,67.8,76.2,7.7,5
36000,New York,1997,74.2,79.9,74.8,80.3,69.7,77.2,7.7,5
36000,New York,1998,74.9,80.2,75.4,80.6,70.8,77.6,7.7,5
36000,New York,1999,74.8,80.1,75.3,80.5,70.9,77.8,7.7,5
36000,New York,2000,75.2,80.5,75.6,80.8,71.1,77.9,7.7,5
36000,New York,2001,75.2,80.5,75.5,80.8,71.5,78,7.7,5
36000,New York,2002,75.7,80.8,76,81,71.9,78.5,7.7,5
36000,New York,2003,76,81,76.4,81.3,72.3,78.9,7.7,5
36000,New York,2004,76.5,81.3,76.9,81.6,72.9,78.8,7.7,5
36000,New York,2005,76.7,81.7,77,81.9,73.1,79.3,7.7,5
36000,New York,2006,77,82,77.3,82.2,73.8,79.9,7.7,5
36000,New York,2007,77.3,82.1,77.5,82.3,74.1,80.2,7.7,5
36000,New York,2008,77.6,82.4,77.8,82.6,74.7,80.4,7.7,5
36000,New York,2009,77.8,82.7,78,82.8,75.1,81.1,7.7,5
37000,North Carolina,1987,70,77.9,71.5,79.1,64.1,73.4,5.1,2.5
37000,North Carolina,1988,69.9,77.7,71.6,78.9,63.6,73.4,5.1,2.5
37000,North Carolina,1989,70.2,78,71.9,79.2,64,73.8,5.1,2.5
37000,North Carolina,1990,70.7,78.4,72.3,79.5,64.3,74.3,5.1,2.5
37000,North Carolina,1991,70.9,78.3,72.6,79.5,64.5,74.2,5.1,2.5
37000,North Carolina,1992,71.2,78.6,72.9,79.8,64.8,74.3,5.1,2.5
37000,North Carolina,1993,70.9,78.6,72.6,79.8,64.6,74.5,5.1,2.5
37000,North Carolina,1994,71.3,78.5,73.1,79.8,64.7,74,5.1,2.5
37000,North Carolina,1995,71.5,78.7,73.2,79.9,65.1,74.4,5.1,2.5
37000,North Carolina,1996,71.8,78.6,73.3,79.8,65.6,74.4,5.1,2.5
37000,North Carolina,1997,72.4,78.9,73.9,79.9,66.8,75.1,5.1,2.5
37000,North Carolina,1998,72.4,78.8,73.9,79.9,66.8,74.8,5.1,2.5
37000,North Carolina,1999,72.7,78.7,74.1,79.8,67.2,74.8,5.1,2.5
37000,North Carolina,2000,72.7,78.6,74,79.5,67.2,75,5.1,2.5
37000,North Carolina,2001,73.1,78.9,74.4,79.9,67.9,75.4,5.1,2.5
37000,North Carolina,2002,73.2,79.1,74.3,79.9,68.6,75.9,5.1,2.5
37000,North Carolina,2003,73.4,78.9,74.4,79.7,68.9,75.7,5.1,2.5
37000,North Carolina,2004,73.7,79.4,74.8,80.3,69.1,76,5.1,2.5
37000,North Carolina,2005,73.8,79.1,74.9,80,69.4,75.8,5.1,2.5
37000,North Carolina,2006,73.9,79.6,75,80.5,69.1,76.2,5.1,2.5
37000,North Carolina,2007,74.1,79.7,75.1,80.4,69.6,76.8,5.1,2.5
37000,North Carolina,2008,74.6,80,75.6,80.6,70.4,77.5,5.1,2.5
37000,North Carolina,2009,75.1,80.3,75.9,81,71.1,77.6,5.1,2.5
38000,North Dakota,1987,73.5,81.4,73.9,81.6,,,3,0.8
38000,North Dakota,1988,73.9,80.8,74.4,81.1,,,3,0.8
38000,North Dakota,1989,74.3,80.9,74.8,81.2,,,3,0.8
38000,North Dakota,1990,74.4,80.8,74.8,81.1,,,3,0.8
38000,North Dakota,1991,74.7,81.4,75,81.9,,,3,0.8
38000,North Dakota,1992,74.5,81.2,74.9,81.6,,,3,0.8
38000,North Dakota,1993,74.7,81.7,75.1,81.9,,,3,0.8
38000,North Dakota,1994,74.7,81.3,75.1,81.9,,,3,0.8
38000,North Dakota,1995,74.7,81.1,75.1,81.5,,,3,0.8
38000,North Dakota,1996,75.3,81.1,75.8,81.5,,,3,0.8
38000,North Dakota,1997,75.5,81.6,76,82,,,3,0.8
38000,North Dakota,1998,75.4,81.3,75.8,81.6,,,3,0.8
38000,North Dakota,1999,75.6,81.3,76,81.8,,,3,0.8
38000,North Dakota,2000,75.6,81.6,76,81.9,,,3,0.8
38000,North Dakota,2001,75.9,81.4,76.3,81.7,,,3,0.8
38000,North Dakota,2002,76.2,82.1,76.7,82.7,,,3,0.8
38000,North Dakota,2003,75.7,81.4,76.1,82.1,,,3,0.8
38000,North Dakota,2004,76.9,82.3,77.5,82.9,,,3,0.8
38000,North Dakota,2005,76.5,82.5,77.1,82.8,,,3,0.8
38000,North Dakota,2006,76.4,82,77.1,82.7,,,3,0.8
38000,North Dakota,2007,77.1,82.8,77.8,83.1,,,3,0.8
38000,North Dakota,2008,76.3,82.4,76.9,82.9,,,3,0.8
38000,North Dakota,2009,76.5,82.2,77.2,82.8,,,3,0.8
39000,Ohio,1987,71.5,78,72,78.5,65.9,73.6,3.6,2.2
39000,Ohio,1988,71.6,78,72.2,78.5,65.3,73.2,3.6,2.2
39000,Ohio,1989,71.9,78.3,72.6,78.8,65.3,73.9,3.6,2.2
39000,Ohio,1990,72,78.3,72.8,78.9,65.6,73.6,3.6,2.2
39000,Ohio,1991,72.1,78.5,72.8,79,65.3,74.5,3.6,2.2
39000,Ohio,1992,72.5,78.8,73.2,79.3,66.2,74.5,3.6,2.2
39000,Ohio,1993,72.5,78.8,73.2,79.3,66.2,74.4,3.6,2.2
39000,Ohio,1994,72.6,78.8,73.3,79.2,66,74.9,3.6,2.2
39000,Ohio,1995,72.6,78.7,73.3,79.1,65.9,74.8,3.6,2.2
39000,Ohio,1996,73.1,78.8,73.7,79.4,66.8,74.6,3.6,2.2
39000,Ohio,1997,73.3,79.1,73.9,79.6,67.7,75.4,3.6,2.2
39000,Ohio,1998,73.7,79,74.2,79.3,68.3,75.4,3.6,2.2
39000,Ohio,1999,73.6,78.8,74.2,79.3,68.1,75,3.6,2.2
39000,Ohio,2000,73.8,78.9,74.4,79.4,68.4,74.8,3.6,2.2
39000,Ohio,2001,74,79,74.6,79.5,68.5,75.2,3.6,2.2
39000,Ohio,2002,73.9,79,74.6,79.4,67.9,75.5,3.6,2.2
39000,Ohio,2003,74.2,79.1,74.7,79.5,68.5,75.4,3.6,2.2
39000,Ohio,2004,74.3,79.5,75,80.1,68.1,75.1,3.6,2.2
39000,Ohio,2005,74.1,79.4,74.7,79.9,68.3,75.4,3.6,2.2
39000,Ohio,2006,74.5,79.6,75.2,80.1,68.1,75.8,3.6,2.2
39000,Ohio,2007,74.6,79.8,75.2,80.2,68.7,76.3,3.6,2.2
39000,Ohio,2008,74.7,79.8,75.4,80.2,68.7,76.5,3.6,2.2
39000,Ohio,2009,75.1,80.2,75.6,80.6,69.8,76.5,3.6,2.2
40000,Oklahoma,1987,71.7,78.5,71.9,78.6,65.9,73.5,1.3,-0.2
40000,Oklahoma,1988,71.4,78.4,71.5,78.6,66.6,74.2,1.3,-0.2
40000,Oklahoma,1989,71.7,78.7,71.8,78.7,66.1,74.5,1.3,-0.2
40000,Oklahoma,1990,71.6,78.4,71.7,78.4,67,74.4,1.3,-0.2
40000,Oklahoma,1991,71.7,78.7,71.9,78.8,65.5,74.6,1.3,-0.2
40000,Oklahoma,1992,72,78.8,72.1,79,66.6,75,1.3,-0.2
40000,Oklahoma,1993,71.4,78.4,71.6,78.5,65.7,74,1.3,-0.2
40000,Oklahoma,1994,71.5,78.6,71.6,78.7,66.6,74.2,1.3,-0.2
40000,Oklahoma,1995,71.6,78.5,71.6,78.5,67.8,75,1.3,-0.2
40000,Oklahoma,1996,72,78.5,72.1,78.7,66.4,73.9,1.3,-0.2
40000,Oklahoma,1997,72,78,72.2,78.2,67.2,72.9,1.3,-0.2
40000,Oklahoma,1998,72.3,78.4,72.4,78.5,67.1,74.9,1.3,-0.2
40000,Oklahoma,1999,72.4,78,72.6,78.2,67,73.2,1.3,-0.2
40000,Oklahoma,2000,72.5,77.9,72.6,78,68.2,74.8,1.3,-0.2
40000,Oklahoma,2001,72.7,78.2,72.8,78.3,68.4,74.6,1.3,-0.2
40000,Oklahoma,2002,72.5,77.8,72.7,78,68,74.6,1.3,-0.2
40000,Oklahoma,2003,72.4,78.1,72.6,78.2,68,74.2,1.3,-0.2
40000,Oklahoma,2004,72.8,78.1,73.2,78.5,68.4,74,1.3,-0.2
40000,Oklahoma,2005,72.4,77.7,72.8,78,68.7,74.7,1.3,-0.2
40000,Oklahoma,2006,72.7,78.1,73.1,78.5,67.6,74.3,1.3,-0.2
40000,Oklahoma,2007,72.8,77.9,73.2,78.1,67.9,75,1.3,-0.2
40000,Oklahoma,2008,72.5,77.8,73,78,68,75.9,1.3,-0.2
40000,Oklahoma,2009,73,78.3,73.6,78.6,69.1,76.6,1.3,-0.2
41000,Oregon,1987,72.3,79.3,72.3,79.3,65.1,73.7,4.9,2.4
41000,Oregon,1988,72.7,78.9,72.8,79,63.3,74.1,4.9,2.4
41000,Oregon,1989,72.9,79.6,73,79.7,64,75.2,4.9,2.4
41000,Oregon,1990,73.2,79.8,73.3,79.9,64,72.8,4.9,2.4
41000,Oregon,1991,73.7,80.2,73.7,80.2,65.6,74.6,4.9,2.4
41000,Oregon,1992,74,79.7,74.1,79.7,65.2,73.7,4.9,2.4
41000,Oregon,1993,73.5,79.8,73.6,79.8,64.8,75.1,4.9,2.4
41000,Oregon,1994,73.9,79.8,73.9,79.8,66.1,74.1,4.9,2.4
41000,Oregon,1995,74,79.6,74.1,79.7,67.1,75.1,4.9,2.4
41000,Oregon,1996,74,79.9,74,79.9,65.7,78.5,4.9,2.4
41000,Oregon,1997,74.8,79.8,74.8,79.8,66.4,76.7,4.9,2.4
41000,Oregon,1998,74.7,80,74.7,80,69.6,75.4,4.9,2.4
41000,Oregon,1999,75.2,80.3,75.2,80.2,68.4,77.2,4.9,2.4
41000,Oregon,2000,75.5,80.3,75.5,80.3,69.2,78,4.9,2.4
41000,Oregon,2001,75.7,80,75.7,79.9,71.1,78.7,4.9,2.4
41000,Oregon,2002,75.5,79.9,75.5,79.8,71.8,77.1,4.9,2.4
41000,Oregon,2003,75.7,80.3,75.7,80.2,69.9,78.3,4.9,2.4
41000,Oregon,2004,76.3,80.5,76.2,80.5,70.8,78.3,4.9,2.4
41000,Oregon,2005,76.3,80.7,76.2,80.6,70.3,78.3,4.9,2.4
41000,Oregon,2006,76.5,80.9,76.4,80.8,72.4,77.6,4.9,2.4
41000,Oregon,2007,76.5,81.2,76.4,81.1,72.7,80.1,4.9,2.4
41000,Oregon,2008,76.7,81.4,76.7,81.3,71,78.9,4.9,2.4
41000,Oregon,2009,77.2,81.7,77.1,81.6,73.2,78.9,4.9,2.4
42000,Pennsylvania,1987,71.1,78,71.9,78.6,62.5,71.5,4.6,3
42000,Pennsylvania,1988,71.2,78.1,72.1,78.8,62.6,72,4.6,3
42000,Pennsylvania,1989,71.5,78.4,72.5,79.1,61.7,71.9,4.6,3
42000,Pennsylvania,1990,72,78.7,72.8,79.3,62.9,72.6,4.6,3
42000,Pennsylvania,1991,72.2,78.8,73.1,79.4,63.4,73.3,4.6,3
42000,Pennsylvania,1992,72.4,78.9,73.3,79.7,63.5,72.5,4.6,3
42000,Pennsylvania,1993,72.3,79,73.3,79.6,62.4,73.1,4.6,3
42000,Pennsylvania,1994,72.5,79,73.5,79.6,63.1,73.4,4.6,3
42000,Pennsylvania,1995,72.8,79.2,73.7,79.8,63.6,74.1,4.6,3
42000,Pennsylvania,1996,72.9,79.3,73.8,79.8,64.2,74.1,4.6,3
42000,Pennsylvania,1997,73.4,79.3,74.2,79.9,65.2,74.3,4.6,3
42000,Pennsylvania,1998,73.9,79.7,74.6,80.2,66.4,75.1,4.6,3
42000,Pennsylvania,1999,73.9,79.4,74.6,79.9,66,74.3,4.6,3
42000,Pennsylvania,2000,74,79.6,74.7,80.1,66.1,74.6,4.6,3
42000,Pennsylvania,2001,74.2,79.6,74.9,80.1,66.6,74.8,4.6,3
42000,Pennsylvania,2002,74.2,79.7,74.8,80.2,67,74.8,4.6,3
42000,Pennsylvania,2003,74.3,79.9,75,80.3,66.5,75.1,4.6,3
42000,Pennsylvania,2004,74.6,80.1,75.3,80.5,67.5,75.5,4.6,3
42000,Pennsylvania,2005,74.5,80,75.2,80.4,66.5,75.5,4.6,3
42000,Pennsylvania,2006,74.7,80.5,75.4,80.9,66.9,76.1,4.6,3
42000,Pennsylvania,2007,75.1,80.6,75.8,81,67.6,76.1,4.6,3
42000,Pennsylvania,2008,75.3,80.7,75.9,81.1,68.5,76.5,4.6,3
42000,Pennsylvania,2009,75.7,81,76.3,81.4,69,76.5,4.6,3
44000,Rhode Island,1987,72.2,79,72.4,79.1,66,74.1,4.8,3.3
44000,Rhode Island,1988,72.5,79.6,72.8,79.8,64.6,73.6,4.8,3.3
44000,Rhode Island,1989,72.4,79.6,72.7,79.7,63.7,75.7,4.8,3.3
44000,Rhode Island,1990,73,79.5,73.2,79.7,65,71.8,4.8,3.3
44000,Rhode Island,1991,73.5,80.2,73.9,80.4,64.4,73.6,4.8,3.3
44000,Rhode Island,1992,73.6,80.1,73.9,80.2,69.9,77.3,4.8,3.3
44000,Rhode Island,1993,73.4,79.8,73.6,80,66.9,74.6,4.8,3.3
44000,Rhode Island,1994,74.2,80.7,74.5,81,68.4,75.7,4.8,3.3
44000,Rhode Island,1995,74,80.5,74.2,80.7,67.9,74.7,4.8,3.3
44000,Rhode Island,1996,75,80.9,75.1,81.1,72.5,75.2,4.8,3.3
44000,Rhode Island,1997,74.7,80.7,74.9,80.8,69.6,75.9,4.8,3.3
44000,Rhode Island,1998,74.9,81.2,75,81.3,71.8,77.1,4.8,3.3
44000,Rhode Island,1999,75.5,80.8,75.7,81,70.6,77.1,4.8,3.3
44000,Rhode Island,2000,75.6,80.6,75.8,80.7,71.2,75.8,4.8,3.3
44000,Rhode Island,2001,75.5,80.4,75.5,80.4,72.8,79.9,4.8,3.3
44000,Rhode Island,2002,75.2,80.9,75.3,80.8,73,80.7,4.8,3.3
44000,Rhode Island,2003,75.5,80.5,75.6,80.5,72.1,78.1,4.8,3.3
44000,Rhode Island,2004,76,81.5,76.1,81.5,72.8,81,4.8,3.3
44000,Rhode Island,2005,76.2,81.3,76.3,81.3,72.1,79.2,4.8,3.3
44000,Rhode Island,2006,76.4,81.9,76.3,81.9,77.4,80.9,4.8,3.3
44000,Rhode Island,2007,76.6,81.6,76.7,81.5,75.2,79.5,4.8,3.3
44000,Rhode Island,2008,76.4,81.9,76.6,81.9,73,85.7,4.8,3.3
44000,Rhode Island,2009,77,82.3,77.1,82.3,75.9,80.9,4.8,3.3
45000,South Carolina,1987,69.1,76.7,71,78.2,63.9,72.8,4.9,3.5
45000,South Carolina,1988,69.2,76.6,71.2,78.3,63.6,72.4,4.9,3.5
45000,South Carolina,1989,69.2,77.2,71.3,78.9,63.6,72.9,4.9,3.5
45000,South Carolina,1990,69.7,77.2,71.8,78.7,63.9,73.4,4.9,3.5
45000,South Carolina,1991,69.9,77.4,71.8,79.1,64.6,73.2,4.9,3.5
45000,South Carolina,1992,70.1,77.8,72.2,79.4,64.7,73.9,4.9,3.5
45000,South Carolina,1993,70.1,77.7,72.3,79.3,64.4,73.7,4.9,3.5
45000,South Carolina,1994,70.5,77.7,72.6,79.3,65.2,73.8,4.9,3.5
45000,South Carolina,1995,70.5,77.8,72.3,79.3,65.7,74,4.9,3.5
45000,South Carolina,1996,70.8,77.7,72.9,79.3,65.3,73.7,4.9,3.5
45000,South Carolina,1997,71.3,78.3,73.3,79.9,66.1,74.4,4.9,3.5
45000,South Carolina,1998,71.6,78,73.5,79.5,66.5,74.2,4.9,3.5
45000,South Carolina,1999,71.6,77.9,73.4,79.2,66.6,74.7,4.9,3.5
45000,South Carolina,2000,71.6,78,73.2,79.3,67,74.7,4.9,3.5
45000,South Carolina,2001,71.9,78.3,73.6,79.5,66.9,75.1,4.9,3.5
45000,South Carolina,2002,72,78.4,73.6,79.7,67.5,75.1,4.9,3.5
45000,South Carolina,2003,72.3,78.4,73.8,79.5,67.7,75.4,4.9,3.5
45000,South Carolina,2004,72.8,78.7,74.2,80,68.4,75.4,4.9,3.5
45000,South Carolina,2005,72.6,78.8,74,79.8,68.3,76,4.9,3.5
45000,South Carolina,2006,72.8,78.9,74.4,80,68.1,76.1,4.9,3.5
45000,South Carolina,2007,73.1,79.2,74.6,80.2,68.7,76.3,4.9,3.5
45000,South Carolina,2008,73.8,79.6,75.1,80.4,69.7,77.4,4.9,3.5
45000,South Carolina,2009,74,80.2,75.2,81,70.1,77.7,4.9,3.5
46000,South Dakota,1987,72.7,80.1,73.5,81.1,,,4.1,2.3
46000,South Dakota,1988,72.9,80.6,73.9,81.2,,,4.1,2.3
46000,South Dakota,1989,73.1,80.8,74.2,81.8,,,4.1,2.3
46000,South Dakota,1990,73.3,81.4,74.7,82.2,,,4.1,2.3
46000,South Dakota,1991,73.1,81.3,74.1,82,,,4.1,2.3
46000,South Dakota,1992,73.6,80.2,74.8,81.1,,,4.1,2.3
46000,South Dakota,1993,73.1,80.8,74.1,81.9,,,4.1,2.3
46000,South Dakota,1994,73.6,81.2,74.8,82,,,4.1,2.3
46000,South Dakota,1995,74,80.4,75.1,81.3,,,4.1,2.3
46000,South Dakota,1996,74,81.1,74.9,81.8,,,4.1,2.3
46000,South Dakota,1997,74.3,81.3,75.5,82.1,,,4.1,2.3
46000,South Dakota,1998,74.5,80.4,75.7,81.2,,,4.1,2.3
46000,South Dakota,1999,74.7,80.6,75.7,81.4,,,4.1,2.3
46000,South Dakota,2000,75.1,81.2,76.3,82,,,4.1,2.3
46000,South Dakota,2001,74.8,81.5,75.8,82.3,,,4.1,2.3
46000,South Dakota,2002,75.7,81.2,76.8,82.3,,,4.1,2.3
46000,South Dakota,2003,75.1,80.9,76.3,82,,,4.1,2.3
46000,South Dakota,2004,76.1,81.4,77.4,82.6,,,4.1,2.3
46000,South Dakota,2005,75.4,81.1,76.6,81.8,,,4.1,2.3
46000,South Dakota,2006,75.9,81.7,77.2,82.6,,,4.1,2.3
46000,South Dakota,2007,76.9,82.2,77.9,83.2,,,4.1,2.3
46000,South Dakota,2008,76.4,81.8,77.4,82.6,,,4.1,2.3
46000,South Dakota,2009,76.8,82.4,77.9,83.3,,,4.1,2.3
47000,Tennessee,1987,69.9,77.9,70.8,78.8,63.7,72.8,3.7,1.1
47000,Tennessee,1988,70,77.8,70.9,78.6,64.4,72.7,3.7,1.1
47000,Tennessee,1989,70.3,78.2,71.3,79.1,63.9,73.4,3.7,1.1
47000,Tennessee,1990,70.3,78.1,71.3,79.1,63.9,72.7,3.7,1.1
47000,Tennessee,1991,70.6,78.3,71.6,79.3,64.5,72.8,3.7,1.1
47000,Tennessee,1992,71,78.5,72.1,79.4,64.2,73.4,3.7,1.1
47000,Tennessee,1993,70.6,78,71.7,78.9,63.9,73.1,3.7,1.1
47000,Tennessee,1994,70.8,77.8,71.9,78.6,64.7,73.4,3.7,1.1
47000,Tennessee,1995,70.7,78.1,71.9,79,63.6,73.1,3.7,1.1
47000,Tennessee,1996,71.2,78.2,72.3,79,64.6,73.6,3.7,1.1
47000,Tennessee,1997,71.4,78.2,72.4,79.1,65.3,73.2,3.7,1.1
47000,Tennessee,1998,71.6,78,72.4,78.7,66,73.8,3.7,1.1
47000,Tennessee,1999,71.9,78.2,72.8,79,66.4,73.6,3.7,1.1
47000,Tennessee,2000,71.7,77.9,72.6,78.6,65.9,73.4,3.7,1.1
47000,Tennessee,2001,72.1,77.9,73,78.7,66.7,73.7,3.7,1.1
47000,Tennessee,2002,72,77.8,72.8,78.5,66.5,74,3.7,1.1
47000,Tennessee,2003,72,77.9,72.7,78.5,67.1,74,3.7,1.1
47000,Tennessee,2004,72.4,78.2,73.1,78.7,67.9,75.1,3.7,1.1
47000,Tennessee,2005,72.3,78.2,73.1,78.7,67,75.1,3.7,1.1
47000,Tennessee,2006,72.6,78.4,73.3,79,67.4,75.1,3.7,1.1
47000,Tennessee,2007,72.9,78.9,73.6,79.4,68.1,75.8,3.7,1.1
47000,Tennessee,2008,73.3,78.8,74,79.3,69.1,75.8,3.7,1.1
47000,Tennessee,2009,73.5,79.1,74.2,79.4,69,76.6,3.7,1.1
48000,Texas,1987,71.3,78.7,71.9,79.2,66.1,74,4.6,2.2
48000,Texas,1988,71.2,78.6,71.8,79.2,65.7,73.9,4.6,2.2
48000,Texas,1989,71.3,78.7,71.9,79.3,65,74,4.6,2.2
48000,Texas,1990,71.4,78.9,72.1,79.5,65,74,4.6,2.2
48000,Texas,1991,71.6,79.1,72.3,79.7,65.2,74,4.6,2.2
48000,Texas,1992,71.9,79.2,72.6,79.7,65.2,74.4,4.6,2.2
48000,Texas,1993,71.9,79.1,72.6,79.6,65.2,74.2,4.6,2.2
48000,Texas,1994,72.1,79.3,72.8,79.8,65.8,75,4.6,2.2
48000,Texas,1995,72.6,79.3,73.2,79.8,66.7,74.6,4.6,2.2
48000,Texas,1996,73,79.3,73.5,79.8,67.1,74.8,4.6,2.2
48000,Texas,1997,73.3,79.3,73.8,79.7,67.8,75.1,4.6,2.2
48000,Texas,1998,73.7,79.5,74.2,79.9,67.9,75,4.6,2.2
48000,Texas,1999,74,79.4,74.4,79.8,68.7,74.9,4.6,2.2
48000,Texas,2000,74.1,79.3,74.5,79.7,68.6,74.9,4.6,2.2
48000,Texas,2001,74.1,79.4,74.5,79.8,68.7,74.8,4.6,2.2
48000,Texas,2002,74.1,79.3,74.5,79.7,68.5,74.7,4.6,2.2
48000,Texas,2003,74.4,79.6,74.8,80,68.9,75,4.6,2.2
48000,Texas,2004,74.8,80.1,75.2,80.5,69.2,75.8,4.6,2.2
48000,Texas,2005,74.9,80,75.3,80.4,69.4,75.5,4.6,2.2
48000,Texas,2006,75.4,80.3,75.7,80.6,70,76.5,4.6,2.2
48000,Texas,2007,75.3,80.4,75.6,80.7,70.5,76.9,4.6,2.2
48000,Texas,2008,75.5,80.4,75.6,80.6,71.6,77.3,4.6,2.2
48000,Texas,2009,75.9,80.8,76.1,81.1,71.3,77.2,4.6,2.2
49000,Utah,1987,74.3,79.7,74.4,79.6,,,4.4,2.5
49000,Utah,1988,74.5,80,74.5,80.1,,,4.4,2.5
49000,Utah,1989,75,80.2,75.1,80.4,,,4.4,2.5
49000,Utah,1990,75.1,81.1,75.1,81.1,,,4.4,2.5
49000,Utah,1991,75.1,80.8,75.2,80.8,,,4.4,2.5
49000,Utah,1992,75.7,81,75.7,81,,,4.4,2.5
49000,Utah,1993,75.4,80.5,75.5,80.5,,,4.4,2.5
49000,Utah,1994,75.4,81.1,75.6,81.1,,,4.4,2.5
49000,Utah,1995,75.8,80.6,75.9,80.6,,,4.4,2.5
49000,Utah,1996,75.9,81,76,81.1,,,4.4,2.5
49000,Utah,1997,76.2,80.8,76.2,80.9,,,4.4,2.5
49000,Utah,1998,76.2,80.9,76.1,80.9,,,4.4,2.5
49000,Utah,1999,76.3,80.8,76.4,80.8,,,4.4,2.5
49000,Utah,2000,76.6,80.7,76.6,80.7,,,4.4,2.5
49000,Utah,2001,76.7,80.9,76.8,80.9,,,4.4,2.5
49000,Utah,2002,76.5,80.8,76.5,80.8,,,4.4,2.5
49000,Utah,2003,76.8,80.8,76.8,80.8,,,4.4,2.5
49000,Utah,2004,76.9,81,76.9,80.9,,,4.4,2.5
49000,Utah,2005,77.6,81.3,77.7,81.3,,,4.4,2.5
49000,Utah,2006,77.6,81.4,77.6,81.4,,,4.4,2.5
49000,Utah,2007,77.5,81.5,77.6,81.4,,,4.4,2.5
49000,Utah,2008,78.4,82.3,78.5,82.3,,,4.4,2.5
49000,Utah,2009,78.8,82.2,78.7,82.2,,,4.4,2.5
50000,Vermont,1987,72.2,78.2,72.1,78.3,,,6.3,4.5
50000,Vermont,1988,73,79.2,73,79.2,,,6.3,4.5
50000,Vermont,1989,72.8,79.6,72.8,79.6,,,6.3,4.5
50000,Vermont,1990,73.3,80.2,73.3,80.2,,,6.3,4.5
50000,Vermont,1991,74,79.8,74,79.8,,,6.3,4.5
50000,Vermont,1992,73.3,80.1,73.3,80.1,,,6.3,4.5
50000,Vermont,1993,73.4,79.8,73.4,79.7,,,6.3,4.5
50000,Vermont,1994,74.5,80.4,74.4,80.4,,,6.3,4.5
50000,Vermont,1995,73.9,80.2,73.9,80.2,,,6.3,4.5
50000,Vermont,1996,74.9,80.3,74.9,80.3,,,6.3,4.5
50000,Vermont,1997,75.2,80.2,75.1,80.2,,,6.3,4.5
50000,Vermont,1998,75.1,81.3,75.1,81.4,,,6.3,4.5
50000,Vermont,1999,75.6,80.4,75.5,80.5,,,6.3,4.5
50000,Vermont,2000,75.9,80.5,75.9,80.4,,,6.3,4.5
50000,Vermont,2001,76.3,79.9,76.3,79.8,,,6.3,4.5
50000,Vermont,2002,76.5,81.3,76.5,81.3,,,6.3,4.5
50000,Vermont,2003,76.9,81,76.8,80.9,,,6.3,4.5
50000,Vermont,2004,77,81.8,76.9,81.8,,,6.3,4.5
50000,Vermont,2005,77.1,81.8,77.1,81.6,,,6.3,4.5
50000,Vermont,2006,77.3,81.9,77.2,81.9,,,6.3,4.5
50000,Vermont,2007,77.4,81.6,77.3,81.6,,,6.3,4.5
50000,Vermont,2008,77.4,82.1,77.4,82.1,,,6.3,4.5
50000,Vermont,2009,78.4,82.8,78.3,82.8,,,6.3,4.5
51000,Virginia,1987,71.2,78.1,72.4,79,65.3,73.5,5.2,3
51000,Virginia,1988,71.2,78.3,72.4,79.3,64.9,73.5,5.2,3
51000,Virginia,1989,71.7,78.4,73,79.5,65.3,73.3,5.2,3
51000,Virginia,1990,71.8,78.6,73.1,79.5,65.3,74.4,5.2,3
51000,Virginia,1991,71.8,78.7,73.2,79.5,65.2,74.4,5.2,3
51000,Virginia,1992,72.3,79,73.6,80,66.1,74.3,5.2,3
51000,Virginia,1993,72.2,78.8,73.5,79.7,65.7,74.5,5.2,3
51000,Virginia,1994,72.4,78.8,73.7,79.7,66.2,74.5,5.2,3
51000,Virginia,1995,72.8,78.9,74.1,79.9,66.5,74.4,5.2,3
51000,Virginia,1996,73.2,79.1,74.4,80,66.9,74.8,5.2,3
51000,Virginia,1997,73.5,79.3,74.7,80.1,67.5,75.2,5.2,3
51000,Virginia,1998,73.9,79.3,74.9,80.2,68.4,75.5,5.2,3
51000,Virginia,1999,74.1,79.4,75.2,80.3,68.3,75.5,5.2,3
51000,Virginia,2000,74.3,79.3,75.3,80,68.9,75.8,5.2,3
51000,Virginia,2001,74.6,79.6,75.6,80.3,68.9,75.8,5.2,3
51000,Virginia,2002,74.6,79.7,75.5,80.5,69.4,75.9,5.2,3
51000,Virginia,2003,74.6,79.8,75.6,80.5,68.8,76.1,5.2,3
51000,Virginia,2004,75.3,80.2,76.1,80.9,70,76.4,5.2,3
51000,Virginia,2005,75.4,80.1,76.3,80.6,69.9,77,5.2,3
51000,Virginia,2006,75.7,80.6,76.4,81.2,70.9,77.2,5.2,3
51000,Virginia,2007,75.8,80.7,76.6,81.3,70.3,77.4,5.2,3
51000,Virginia,2008,76.2,80.9,76.8,81.5,72,77.7,5.2,3
51000,Virginia,2009,76.4,81.1,77.1,81.5,71.6,78.3,5.2,3
53000,Washington,1987,73.1,79.4,73.1,79.5,67.5,74.7,4.7,2.5
53000,Washington,1988,73.1,79.4,73.2,79.6,67.4,73.2,4.7,2.5
53000,Washington,1989,73.7,79.6,73.9,79.6,68.1,74.7,4.7,2.5
53000,Washington,1990,73.7,79.9,73.8,79.9,67.8,76.1,4.7,2.5
53000,Washington,1991,74.2,80.1,74.3,80.2,68.8,75.3,4.7,2.5
53000,Washington,1992,74.1,80.3,74.3,80.4,69.6,75.8,4.7,2.5
53000,Washington,1993,74,80.2,74.1,80.3,68.1,75.1,4.7,2.5
53000,Washington,1994,74.3,80.3,74.4,80.4,66.4,77.7,4.7,2.5
53000,Washington,1995,74.7,80.3,74.8,80.4,70,76,4.7,2.5
53000,Washington,1996,74.7,80.3,74.8,80.3,68.5,76.9,4.7,2.5
53000,Washington,1997,75.5,80.4,75.6,80.4,70,77.2,4.7,2.5
53000,Washington,1998,75.5,80.5,75.6,80.5,70.5,76.8,4.7,2.5
53000,Washington,1999,75.7,80.6,75.8,80.6,70,76.2,4.7,2.5
53000,Washington,2000,76,80.8,75.9,80.7,72.1,76.7,4.7,2.5
53000,Washington,2001,76.1,80.5,76,80.4,71.9,78.3,4.7,2.5
53000,Washington,2002,76.1,80.8,76.1,80.8,73.1,77.3,4.7,2.5
53000,Washington,2003,76.3,80.8,76.3,80.8,71.1,78.1,4.7,2.5
53000,Washington,2004,76.8,81.2,76.8,81,73.9,79.7,4.7,2.5
53000,Washington,2005,76.8,81.3,76.8,81.2,72,77.9,4.7,2.5
53000,Washington,2006,77.2,81.5,77.3,81.4,72.7,77.5,4.7,2.5
53000,Washington,2007,77.4,81.5,77.3,81.5,73.1,78.1,4.7,2.5
53000,Washington,2008,77.4,81.5,77.4,81.5,74.2,78.8,4.7,2.5
53000,Washington,2009,77.8,81.9,77.7,81.7,76,79.5,4.7,2.5
54000,West Virginia,1987,70,77.7,70,77.8,66.3,75.1,2.5,0.4
54000,West Virginia,1988,70.4,77.3,70.5,77.5,64,71.5,2.5,0.4
54000,West Virginia,1989,70.4,77.7,70.5,77.8,65.4,72.9,2.5,0.4
54000,West Virginia,1990,70.7,78.4,70.8,78.4,63.1,74.3,2.5,0.4
54000,West Virginia,1991,70.6,77.9,70.8,78,64.4,73.5,2.5,0.4
54000,West Virginia,1992,71.1,77.8,71.2,77.9,63.7,70.9,2.5,0.4
54000,West Virginia,1993,71,77.7,71.1,77.9,63.9,73,2.5,0.4
54000,West Virginia,1994,71.6,78,71.9,78.2,62.9,73.1,2.5,0.4
54000,West Virginia,1995,71.6,78.2,71.8,78.3,64.3,74.8,2.5,0.4
54000,West Virginia,1996,71.7,78.1,71.9,78.2,64.9,76,2.5,0.4
54000,West Virginia,1997,71.8,77.8,71.9,77.8,67.5,75.7,2.5,0.4
54000,West Virginia,1998,72,77.9,72.1,78.1,66.7,72.7,2.5,0.4
54000,West Virginia,1999,72.2,78,72.2,78.1,71.5,74.6,2.5,0.4
54000,West Virginia,2000,72.3,77.8,72.3,77.8,69.7,74.4,2.5,0.4
54000,West Virginia,2001,72.4,77.9,72.4,78,67.7,74.3,2.5,0.4
54000,West Virginia,2002,71.9,77.9,72,77.9,67.6,75.8,2.5,0.4
54000,West Virginia,2003,72.1,77.7,72.2,77.7,65.6,75.2,2.5,0.4
54000,West Virginia,2004,72.5,77.8,72.4,77.8,73.2,73.9,2.5,0.4
54000,West Virginia,2005,72.5,77.8,72.5,77.8,67.7,74.5,2.5,0.4
54000,West Virginia,2006,72.3,78.2,72.3,78.3,66.1,73.2,2.5,0.4
54000,West Virginia,2007,72,77.9,72.1,77.9,67.8,77.5,2.5,0.4
54000,West Virginia,2008,72.4,78,72.4,78,68.5,74.7,2.5,0.4
54000,West Virginia,2009,72.5,78.1,72.4,78.2,69.6,74.7,2.5,0.4
55000,Wisconsin,1987,73.1,79.9,73.4,80.2,65.3,73,4.4,2.5
55000,Wisconsin,1988,73.2,79.8,73.5,80,65.8,75.8,4.4,2.5
55000,Wisconsin,1989,73.6,80,73.9,80.2,66.1,75.6,4.4,2.5
55000,Wisconsin,1990,73.7,80.1,74.1,80.4,64.8,74.2,4.4,2.5
55000,Wisconsin,1991,73.7,80.4,74.1,80.6,65.4,75.2,4.4,2.5
55000,Wisconsin,1992,74.4,80.7,74.8,81,66,75.4,4.4,2.5
55000,Wisconsin,1993,74,80.3,74.4,80.6,66.4,74.4,4.4,2.5
55000,Wisconsin,1994,74.2,80.3,74.7,80.7,65.6,73.7,4.4,2.5
55000,Wisconsin,1995,74.5,80.4,74.9,80.7,64.7,74.3,4.4,2.5
55000,Wisconsin,1996,74.7,80.6,75.1,80.9,66.7,74.9,4.4,2.5
55000,Wisconsin,1997,75,80.8,75.4,81.1,67.5,74.9,4.4,2.5
55000,Wisconsin,1998,75,80.5,75.5,80.8,66.7,75.1,4.4,2.5
55000,Wisconsin,1999,75,80.6,75.4,81,67.1,75.3,4.4,2.5
55000,Wisconsin,2000,75.5,80.7,75.9,81,66.6,73.9,4.4,2.5
55000,Wisconsin,2001,75.5,80.8,75.9,81.1,67.6,76.8,4.4,2.5
55000,Wisconsin,2002,75.6,80.8,76.1,81.1,67.2,76.4,4.4,2.5
55000,Wisconsin,2003,76,81.3,76.4,81.7,67.7,75.6,4.4,2.5
55000,Wisconsin,2004,76.3,81.5,76.7,82,68.7,73.8,4.4,2.5
55000,Wisconsin,2005,76.4,81.2,76.9,81.6,67.2,76,4.4,2.5
55000,Wisconsin,2006,76.6,81.4,77,81.9,68.2,74.3,4.4,2.5
55000,Wisconsin,2007,76.7,81.6,77.1,82.1,68.6,75.2,4.4,2.5
55000,Wisconsin,2008,76.9,81.9,77.3,82.3,69.2,75.6,4.4,2.5
55000,Wisconsin,2009,77.4,82.4,77.9,82.8,68.9,76.6,4.4,2.5
56000,Wyoming,1987,73.4,79.6,73.6,79.7,,,2.5,1.2
56000,Wyoming,1988,72.5,79.4,72.7,79.6,,,2.5,1.2
56000,Wyoming,1989,73,78.9,73.2,79.1,,,2.5,1.2
56000,Wyoming,1990,73.1,79.4,73.2,79.6,,,2.5,1.2
56000,Wyoming,1991,74.1,79.6,74.3,79.8,,,2.5,1.2
56000,Wyoming,1992,73.3,79.7,73.6,79.9,,,2.5,1.2
56000,Wyoming,1993,73.3,79.7,73.6,79.8,,,2.5,1.2
56000,Wyoming,1994,73.7,79.3,73.9,79.5,,,2.5,1.2
56000,Wyoming,1995,73,79.8,73.2,80.1,,,2.5,1.2
56000,Wyoming,1996,74.4,79.7,74.5,79.8,,,2.5,1.2
56000,Wyoming,1997,73.9,80.3,74.1,80.5,,,2.5,1.2
56000,Wyoming,1998,74.7,79.3,75,79.6,,,2.5,1.2
56000,Wyoming,1999,74.1,79.2,74.4,79.3,,,2.5,1.2
56000,Wyoming,2000,75.1,79.3,75.3,79.5,,,2.5,1.2
56000,Wyoming,2001,74.6,79.6,74.8,79.7,,,2.5,1.2
56000,Wyoming,2002,74.5,79.3,74.6,79.3,,,2.5,1.2
56000,Wyoming,2003,74.5,79.9,74.8,80.2,,,2.5,1.2
56000,Wyoming,2004,75.5,79.8,75.7,80,,,2.5,1.2
56000,Wyoming,2005,74.9,79.9,74.8,80.1,,,2.5,1.2
56000,Wyoming,2006,74.8,79.2,75.1,79.6,,,2.5,1.2
56000,Wyoming,2007,74.8,79.9,75,80,,,2.5,1.2
56000,Wyoming,2008,75.6,80.3,75.8,80.3,,,2.5,1.2
56000,Wyoming,2009,75.9,80.7,76.1,80.9,,,2.5,1.2
